Page,Route,Slide / section,Source paragraph,Source heading,Source body,Source CTA / links,Treatment,Current representation,Not reproduced verbatim by standard renderer,Stored in pages.json,Implementation file
1,/,HERO,162,The Continuous Human-AI Growth Operating System,"Continuous intelligence that keeps progress moving - within the boundaries you set.
Think clearly. Build capability. Make consistent progress.
Progress can continue in three distinct ways: permitted context can update; intelligence can reassess what those changes mean; and already-authorized work can continue within its defined scope. When you return, see what changed, what improved, what moved forward, what became more important, what assumption changed, what opportunity appeared, and what needs your judgment next.
Progress keeps moving. Control stays with you.",CTA: Experience LAMID ONE | See How It Works,Custom UI; no one-to-one slide,"Think clearly. Move with purpose. Grow as one. — Rewritten landing page: operating-cycle cards, guided-workspace preview, audience cards, trust statement, FAQ and closing CTA. The canonical category is reduced to an eyebrow; the canonical subhero and three progression lanes are not reproduced in full.","The Continuous Human-AI Growth Operating System
Continuous intelligence that keeps progress moving - within the boundaries you set.
Think clearly. Build capability. Make consistent progress.
Progress can continue in three distinct ways: permitted context can update; intelligence can reassess what those changes mean; and already-authorized work can continue within its defined scope. When you return, see what changed, what improved, what moved forward, what became more important, what assumption changed, what opportunity appeared, and what needs your judgment next.
Progress keeps moving. Control stays with you.",Yes,src/pages/Marketing.tsx
1,/,SECTION 2,169,A Clearer Way to Move Forward,"Progress compounds when each cycle carries forward what changed, what improved, and what the next step now requires.
Clarity - Understand what matters. See priorities, patterns, assumptions, and constraints clearly.
Capability - Strengthen how you move forward. Build or access the knowledge, resources, methods, people, and support the next step requires.
Consistency - Keep important work moving. Turn decisions into action, establish a workable rhythm, and adapt when conditions change.
Growth - Let progress compound. Clearer decisions, stronger capability, consistent execution, and an evolving operating context create growth over time.
Clarity -> Capability -> Consistency. Growth is the outcome.
Each completed cycle updates the operating context for the next. Growth is cumulative, not a separate module.",,Custom UI; no one-to-one slide,"Rewritten landing page: operating-cycle cards, guided-workspace preview, audience cards, trust statement, FAQ and closing CTA. The canonical category is reduced to an eyebrow; the canonical subhero and three progression lanes are not reproduced in full.","A Clearer Way to Move Forward
Progress compounds when each cycle carries forward what changed, what improved, and what the next step now requires.
Clarity - Understand what matters. See priorities, patterns, assumptions, and constraints clearly.
Capability - Strengthen how you move forward. Build or access the knowledge, resources, methods, people, and support the next step requires.
Consistency - Keep important work moving. Turn decisions into action, establish a workable rhythm, and adapt when conditions change.
Growth - Let progress compound. Clearer decisions, stronger capability, consistent execution, and an evolving operating context create growth over time.
Clarity -> Capability -> Consistency. Growth is the outcome.
Each completed cycle updates the operating context for the next. Growth is cumulative, not a separate module.",Yes,src/pages/Marketing.tsx
1,/,SECTION 3,178,Start With What You're Trying to Achieve,"A decision. An opportunity. A challenge. A plan.
The LAMID ONE Companion works from your current and carried-forward context, brings forward what matters now, and guides the next step.
Understand the situation - Bring relevant context, priorities, assumptions, and constraints into view.
Explore the direction - Compare options, implications, and what each path requires.
Move forward - Turn understanding into a decision, capability plan, or next action.
Stay in control - Review the reasoning, change the direction, explore further, or decide what happens next.
When you return, the Companion shows the return state: what changed, what improved, what moved forward, what became more important, what assumption changed, what opportunity appeared, and what needs your judgment next. You can continue, redirect, pause, revoke, or override what comes next. The OS handles the complexity underneath without expanding its own authority.",CTA: Explore the Companion,Custom UI; no one-to-one slide,"Rewritten landing page: operating-cycle cards, guided-workspace preview, audience cards, trust statement, FAQ and closing CTA. The canonical category is reduced to an eyebrow; the canonical subhero and three progression lanes are not reproduced in full.","Start With What You're Trying to Achieve
A decision. An opportunity. A challenge. A plan.
The LAMID ONE Companion works from your current and carried-forward context, brings forward what matters now, and guides the next step.
Understand the situation - Bring relevant context, priorities, assumptions, and constraints into view.
Explore the direction - Compare options, implications, and what each path requires.
Move forward - Turn understanding into a decision, capability plan, or next action.
Stay in control - Review the reasoning, change the direction, explore further, or decide what happens next.
When you return, the Companion shows the return state: what changed, what improved, what moved forward, what became more important, what assumption changed, what opportunity appeared, and what needs your judgment next. You can continue, redirect, pause, revoke, or override what comes next. The OS handles the complexity underneath without expanding its own authority.",Yes,src/pages/Marketing.tsx
1,/,SECTION 4,188,One Operating System. Different Contexts.,"Your needs change with your work, responsibility, and scale. LAMID ONE adapts accordingly.
Individual - Find clarity and make consistent progress.
Professional - Strengthen decisions, capability, and execution.
Creator - Turn ideas into clearer direction and opportunity.
Founder - Make stronger business, financial, and growth decisions.
Team - Build shared clarity and coordinated execution.
SME - Strengthen operations without adding fragmentation.
Enterprise - Connect people, systems, decisions, and governance.
Institution - Strengthen capability, continuity, and responsible decision-making.",,Custom UI; no one-to-one slide,"Rewritten landing page: operating-cycle cards, guided-workspace preview, audience cards, trust statement, FAQ and closing CTA. The canonical category is reduced to an eyebrow; the canonical subhero and three progression lanes are not reproduced in full.","One Operating System. Different Contexts.
Your needs change with your work, responsibility, and scale. LAMID ONE adapts accordingly.
Individual - Find clarity and make consistent progress.
Professional - Strengthen decisions, capability, and execution.
Creator - Turn ideas into clearer direction and opportunity.
Founder - Make stronger business, financial, and growth decisions.
Team - Build shared clarity and coordinated execution.
SME - Strengthen operations without adding fragmentation.
Enterprise - Connect people, systems, decisions, and governance.
Institution - Strengthen capability, continuity, and responsible decision-making.",Yes,src/pages/Marketing.tsx
1,/,SECTION 5,199,The Right Depth for Your Context,"The experience starts with what is useful now. As your work and responsibility grow, deeper capability appears without forcing you into another product.
Personal - Today, Clarity, Capability, Consistency, Progress, Companion.
Founder - Today, Business, Finance, Opportunities, People, Workflows.
Team - Priorities, People, Workflows, Rhythm, Shared Insights.
Enterprise - Organization, Analytics, People, Workflows, Governance, Integrations.
Your context changes what you see - not which product you use.",CTA: See the OS in Action,Custom UI; no one-to-one slide,"Rewritten landing page: operating-cycle cards, guided-workspace preview, audience cards, trust statement, FAQ and closing CTA. The canonical category is reduced to an eyebrow; the canonical subhero and three progression lanes are not reproduced in full.","The Right Depth for Your Context
The experience starts with what is useful now. As your work and responsibility grow, deeper capability appears without forcing you into another product.
Personal - Today, Clarity, Capability, Consistency, Progress, Companion.
Founder - Today, Business, Finance, Opportunities, People, Workflows.
Team - Priorities, People, Workflows, Rhythm, Shared Insights.
Enterprise - Organization, Analytics, People, Workflows, Governance, Integrations.
Your context changes what you see - not which product you use.",Yes,src/pages/Marketing.tsx
1,/,SECTION 6,208,Work Toward the Outcome,"Complex objectives rarely depend on one kind of information. LAMID ONE brings together the perspectives your objective requires while keeping the experience coherent.
Choose your next professional move - Compare the opportunity against your current capability, priorities, timing, and development requirements. Opportunity + Diagnostic + People.
Turn an idea into a viable direction - Understand the opportunity, capability requirements, commercial implications, and next steps before committing more time or resources. Opportunity + Financial + Diagnostic.
Plan the next stage of the business - Assess financial capacity, people requirements, opportunity, and execution demand together. Financial + People + Opportunity + Workflow.
Strengthen organizational alignment - Connect priorities, capability, responsibilities, dependencies, workflows, and governance across teams. Organizational + People + Workflow.
You work on the outcome. LAMID ONE brings the relevant depth together.",,Custom UI; no one-to-one slide,"Rewritten landing page: operating-cycle cards, guided-workspace preview, audience cards, trust statement, FAQ and closing CTA. The canonical category is reduced to an eyebrow; the canonical subhero and three progression lanes are not reproduced in full.","Work Toward the Outcome
Complex objectives rarely depend on one kind of information. LAMID ONE brings together the perspectives your objective requires while keeping the experience coherent.
Choose your next professional move - Compare the opportunity against your current capability, priorities, timing, and development requirements. Opportunity + Diagnostic + People.
Turn an idea into a viable direction - Understand the opportunity, capability requirements, commercial implications, and next steps before committing more time or resources. Opportunity + Financial + Diagnostic.
Plan the next stage of the business - Assess financial capacity, people requirements, opportunity, and execution demand together. Financial + People + Opportunity + Workflow.
Strengthen organizational alignment - Connect priorities, capability, responsibilities, dependencies, workflows, and governance across teams. Organizational + People + Workflow.
You work on the outcome. LAMID ONE brings the relevant depth together.",Yes,src/pages/Marketing.tsx
1,/,SECTION - CONTINUOUS INTELLIGENCE,216,Intelligence That Stays Current With the Work,"Continuous Intelligence supports the operating cycle by keeping permitted context and analysis current as relevant signals, connected systems, workflows, events, and outcomes change.
Sense - Capture permitted signals and material change.
Understand - Reassess what the change means in context.
Recommend - Bring forward relevant options, implications, and uncertainty.
Act - Progress only within the authority already granted; pause where approval is required.
Observe - Compare what happened with the intended outcome.
Learn - Carry useful context and evidence into the next cycle.
This intelligence loop supports Clarity -> Capability -> Consistency. It does not replace the user-facing operating model, and it does not create new authority.",,Custom UI; no one-to-one slide,"Rewritten landing page: operating-cycle cards, guided-workspace preview, audience cards, trust statement, FAQ and closing CTA. The canonical category is reduced to an eyebrow; the canonical subhero and three progression lanes are not reproduced in full.","Intelligence That Stays Current With the Work
Continuous Intelligence supports the operating cycle by keeping permitted context and analysis current as relevant signals, connected systems, workflows, events, and outcomes change.
Sense - Capture permitted signals and material change.
Understand - Reassess what the change means in context.
Recommend - Bring forward relevant options, implications, and uncertainty.
Act - Progress only within the authority already granted; pause where approval is required.
Observe - Compare what happened with the intended outcome.
Learn - Carry useful context and evidence into the next cycle.
This intelligence loop supports Clarity -> Capability -> Consistency. It does not replace the user-facing operating model, and it does not create new authority.",Yes,src/pages/Marketing.tsx
1,/,SECTION 7,226,Turn Progress Into a Rhythm,"A strong decision matters more when it becomes part of how you work. LAMID ONE connects immediate action with recurring review while permitted context, intelligence, and already-authorized work can continue progressing between interactions.
Today - Focus on what matters now. Clarify the priority, understand what the next step requires, and move it forward.
This Week - Review and realign. See what moved, what stalled, what changed since your last review, and what deserves attention next.
This Month - Recognize the pattern. Understand what is improving, what keeps recurring, what new conditions emerged, and where capability needs to change.
Across Your Organization - Create shared operating rhythm. Connect priorities, capability, execution, and review across teams.",,Custom UI; no one-to-one slide,"Rewritten landing page: operating-cycle cards, guided-workspace preview, audience cards, trust statement, FAQ and closing CTA. The canonical category is reduced to an eyebrow; the canonical subhero and three progression lanes are not reproduced in full.","Turn Progress Into a Rhythm
A strong decision matters more when it becomes part of how you work. LAMID ONE connects immediate action with recurring review while permitted context, intelligence, and already-authorized work can continue progressing between interactions.
Today - Focus on what matters now. Clarify the priority, understand what the next step requires, and move it forward.
This Week - Review and realign. See what moved, what stalled, what changed since your last review, and what deserves attention next.
This Month - Recognize the pattern. Understand what is improving, what keeps recurring, what new conditions emerged, and where capability needs to change.
Across Your Organization - Create shared operating rhythm. Connect priorities, capability, execution, and review across teams.",Yes,src/pages/Marketing.tsx
1,/,SECTION 8,233,Human Judgment Leads,"Persistent progression should strengthen your ability to move forward - not silently transfer authority away from you.
See what progressed and why - Understand the relevant context, source, permission, assumptions, freshness, and uncertainty where applicable.
Decide what happens next - Continue, change, reject, redirect, pause, or override the next step before consequential action.
Control the boundaries - Manage the information, connected sources, update permissions, and authorized work available to LAMID ONE where those controls apply.
Keep consequential authority human - Context, intelligence, and authorized work may progress between interactions, but material decisions and irreversible actions remain subject to appropriate human review unless explicitly delegated within defined policy.
Persistent Progression. Permissioned by Design. Human Controlled.
Permission is not surrender of control. Permissions remain scoped, revocable, traceable, and non-expanding. You can review, redirect, override, pause, or revoke progression, and reverse it where the action is technically reversible.",Link: Responsible AI,Custom UI; no one-to-one slide,"Rewritten landing page: operating-cycle cards, guided-workspace preview, audience cards, trust statement, FAQ and closing CTA. The canonical category is reduced to an eyebrow; the canonical subhero and three progression lanes are not reproduced in full.","Human Judgment Leads
Persistent progression should strengthen your ability to move forward - not silently transfer authority away from you.
See what progressed and why - Understand the relevant context, source, permission, assumptions, freshness, and uncertainty where applicable.
Decide what happens next - Continue, change, reject, redirect, pause, or override the next step before consequential action.
Control the boundaries - Manage the information, connected sources, update permissions, and authorized work available to LAMID ONE where those controls apply.
Keep consequential authority human - Context, intelligence, and authorized work may progress between interactions, but material decisions and irreversible actions remain subject to appropriate human review unless explicitly delegated within defined policy.
Persistent Progression. Permissioned by Design. Human Controlled.
Permission is not surrender of control. Permissions remain scoped, revocable, traceable, and non-expanding. You can review, redirect, override, pause, or revoke progression, and reverse it where the action is technically reversible.",Yes,src/pages/Marketing.tsx
1,/,SECTION 9,243,Start Where You Are. Expand When You Need To.,"Personal -> Team -> Business -> Organization -> Institution
Start with the context you need now. Add collaboration, operational depth, intelligence, governance, and organizational capability as responsibility grows, while preserving a coherent operating history across time.
The context expands. The operating system remains coherent.
As more people, workflows, and systems contribute context, permissions, provenance, freshness, and governance scale with them.",,Custom UI; no one-to-one slide,"Rewritten landing page: operating-cycle cards, guided-workspace preview, audience cards, trust statement, FAQ and closing CTA. The canonical category is reduced to an eyebrow; the canonical subhero and three progression lanes are not reproduced in full.","Start Where You Are. Expand When You Need To.
Personal -> Team -> Business -> Organization -> Institution
Start with the context you need now. Add collaboration, operational depth, intelligence, governance, and organizational capability as responsibility grows, while preserving a coherent operating history across time.
The context expands. The operating system remains coherent.
As more people, workflows, and systems contribute context, permissions, provenance, freshness, and governance scale with them.",No,src/pages/Marketing.tsx
1,/,SECTION 10,249,More Capability Should Not Mean More Complexity.,"More tools have not solved fragmented work.
More information has not guaranteed better decisions.
More AI will not solve either problem by itself - especially if progress stops, context resets, or authority becomes unclear whenever you step away.
A conventional operating system can preserve a computing environment. LAMID ONE maintains an evolving growth operating context in which permitted context, intelligence, and already-authorized work can continue progressing over time - without silently expanding the authority you granted.
Different contexts. One system.",,Custom UI; no one-to-one slide,"Rewritten landing page: operating-cycle cards, guided-workspace preview, audience cards, trust statement, FAQ and closing CTA. The canonical category is reduced to an eyebrow; the canonical subhero and three progression lanes are not reproduced in full.","More Capability Should Not Mean More Complexity.
More tools have not solved fragmented work.
More information has not guaranteed better decisions.
More AI will not solve either problem by itself - especially if progress stops, context resets, or authority becomes unclear whenever you step away.
A conventional operating system can preserve a computing environment. LAMID ONE maintains an evolving growth operating context in which permitted context, intelligence, and already-authorized work can continue progressing over time - without silently expanding the authority you granted.
Different contexts. One system.",No,src/pages/Marketing.tsx
1,/,SECTION 11,256,Start With the Depth You Need,"Use the same operating system at the level that fits your current context.
Personal - Core individual clarity, capability, rhythm, and progress.
Professional - For deeper professional context, opportunity, capability, and execution.
Team - For shared priorities, collaboration, capability, rhythm, and workflows.
Business - For deeper operational, financial, people, opportunity, and workflow intelligence.
Enterprise & Institution - For organizational scale, governance, analytics, integrations, administration, and advanced requirements.
Expand access, depth, and scale inside the same OS.",CTA: View Plans,Custom UI; no one-to-one slide,"Rewritten landing page: operating-cycle cards, guided-workspace preview, audience cards, trust statement, FAQ and closing CTA. The canonical category is reduced to an eyebrow; the canonical subhero and three progression lanes are not reproduced in full.","Start With the Depth You Need
Use the same operating system at the level that fits your current context.
Personal - Core individual clarity, capability, rhythm, and progress.
Professional - For deeper professional context, opportunity, capability, and execution.
Team - For shared priorities, collaboration, capability, rhythm, and workflows.
Business - For deeper operational, financial, people, opportunity, and workflow intelligence.
Enterprise & Institution - For organizational scale, governance, analytics, integrations, administration, and advanced requirements.
Expand access, depth, and scale inside the same OS.",No,src/pages/Marketing.tsx
1,/,SECTION 12,266,See LAMID ONE in Your Context,"Start with the decision, opportunity, challenge, or goal in front of you.
See how one Continuous Human-AI Growth Operating System keeps context, decisions, capability, and execution connected as your situation changes over time.
Evaluating LAMID ONE for an organization? Request an Organizational Demo.
GLOBAL FOOTER
LAMID ONE - Continuous Human-AI Growth Operating System
Human judgment and AI capability, working as one.
Product: Product | How It Works | Companion | Demo | Pricing
Who It's For: Individuals | Professionals | Creators | Founders | Teams | SMEs | Enterprises | Institutions
Resources: Insights | Guides | Case Studies | Research | Help Center | Developer Documentation
Company: About | Our Story | Founder & Leadership | Responsible AI | Careers | Contact
Trust & Legal: Security | Privacy & Data | Governance | Privacy Policy | Terms | Accessibility",CTA: Experience LAMID ONE,Custom UI; no one-to-one slide,"Rewritten landing page: operating-cycle cards, guided-workspace preview, audience cards, trust statement, FAQ and closing CTA. The canonical category is reduced to an eyebrow; the canonical subhero and three progression lanes are not reproduced in full.","See LAMID ONE in Your Context
Start with the decision, opportunity, challenge, or goal in front of you.
See how one Continuous Human-AI Growth Operating System keeps context, decisions, capability, and execution connected as your situation changes over time.
Evaluating LAMID ONE for an organization? Request an Organizational Demo.
GLOBAL FOOTER
LAMID ONE - Continuous Human-AI Growth Operating System
Human judgment and AI capability, working as one.
Product: Product | How It Works | Companion | Demo | Pricing
Who It's For: Individuals | Professionals | Creators | Founders | Teams | SMEs | Enterprises | Institutions
Resources: Insights | Guides | Case Studies | Research | Help Center | Developer Documentation
Company: About | Our Story | Founder & Leadership | Responsible AI | Careers | Contact
Trust & Legal: Security | Privacy & Data | Governance | Privacy Policy | Terms | Accessibility",No,src/pages/Marketing.tsx
2,/product,HERO,286,One Continuous Operating System. Built Around Your Context.,"Bring human judgment, AI capability, guidance, execution, and progress into one evolving operating experience. Start with what matters now, carry context forward, and go deeper as your needs grow.",CTA: Experience LAMID ONE | See How It Works,Verbatim extract,"One Continuous Operating System. Built Around Your Context. | Bring human judgment, AI capability, guidance, execution, and progress into one evolving operating experience. Start with what matters now, carry context forward, and go deeper as your needs grow.",,Yes,src/pages/ContentPage.tsx
2,/product,SECTION 2,290,Begin With the Objective,"A goal. A decision. A challenge. An opportunity.
LAMID ONE starts from what you are trying to achieve and turns it into an operating context that can evolve as permitted information and work change.",,Verbatim extract,Begin With the Objective | A goal. A decision. A challenge. An opportunity. | LAMID ONE starts from what you are trying to achieve and turns it into an operating context that can evolve as permitted information and work change.,,Yes,src/pages/ContentPage.tsx
2,/product,SECTION 3,294,A Simple Operating Cycle,"Clarity - Understand what matters.
Capability - Strengthen what the next step requires.
Consistency - Keep important work moving.
Outcome: Growth - Let clearer decisions, stronger capability, and consistent execution compound over time.",,Partial extract,"A Simple Operating Cycle | Clarity - Understand what matters. | Consistency - Keep important work moving. | Outcome: Growth - Let clearer decisions, stronger capability, and consistent execution compound over time.",Capability - Strengthen what the next step requires.,Yes,src/pages/ContentPage.tsx
2,/product,SECTION 4,300,Simple Where It Should Be. Deep Where It Needs to Be.,"For individuals, the experience stays focused on clarity, capability, rhythm, and progress. For professionals, creators, founders, and SMEs, deeper opportunity, business, finance, people, and execution context appears when relevant. For organizations, governance, analytics, integrations, and administration add the depth required at scale. Across every level, the operating context can carry relevant change forward over time.",,Verbatim extract,"Simple Where It Should Be. Deep Where It Needs to Be. | For individuals, the experience stays focused on clarity, capability, rhythm, and progress. For professionals, creators, founders, and SMEs, deeper opportunity, business, finance, people, and execution context appears when relevant. For organizations, governance, analytics, integrations, and administration add the depth required at scale. Across every level, the operating context can carry relevant change forward over time.",,Yes,src/pages/ContentPage.tsx
2,/product,SECTION 5,303,Start With Your Objective,"The LAMID ONE Companion works from the situation in front of you and the relevant context carried forward over time, surfaces what matters now, and guides the next step without making you navigate the architecture underneath.",CTA: Explore the Companion,Verbatim extract,"Start With Your Objective | The LAMID ONE Companion works from the situation in front of you and the relevant context carried forward over time, surfaces what matters now, and guides the next step without making you navigate the architecture underneath.",,Yes,src/pages/ContentPage.tsx
2,/product,SECTION 6,307,One Objective. Several Perspectives.,"Plan a market expansion by bringing opportunity, financial impact, capability readiness, and execution requirements into one decision frame.
You focus on the outcome. LAMID ONE coordinates the relevant depth underneath.",,Verbatim extract,"One Objective. Several Perspectives. | Plan a market expansion by bringing opportunity, financial impact, capability readiness, and execution requirements into one decision frame. | You focus on the outcome. LAMID ONE coordinates the relevant depth underneath.",,Yes,src/pages/ContentPage.tsx
2,/product,SECTION - CAPABILITY FABRIC,311,Capabilities Appear When the Work Requires Them,"Strategy, finance, commercial work, people, operations, research, content, workflows, and other specialist capabilities sit underneath one operating experience. The Companion surfaces the relevant capability in context rather than making you navigate a wall of tools.
Where specialist human judgment is required and the service is available, expert input can enter the same working context instead of becoming a disconnected handoff.
SECTION 7",,Partial extract,"Capabilities Appear When the Work Requires Them | Strategy, finance, commercial work, people, operations, research, content, workflows, and other specialist capabilities sit underneath one operating experience. The Companion surfaces the relevant capability in context rather than making you navigate a wall of tools. | Where specialist human judgment is required and the service is available, expert input can enter the same working context instead of becoming a disconnected handoff.",SECTION 7,Yes,src/pages/ContentPage.tsx
2,/product,SECTION 7 / SECTION - CONTINUOUS INTELLIGENCE,316,Continuous Intelligence Keeps the Operating Context Current,"Permitted signals can be sensed, understood, compared, and carried into recommendations as conditions change. Action remains bounded by authorization, and consequential commitment pauses for human judgment unless that exact authority was explicitly delegated in advance under policy.
Persistent Progression
Permitted context, intelligence, and already-authorized work can continue progressing across time. Every progression stays inside defined permissions, can be inspected, and can be redirected, paused, revoked, or overridden by an authorized human.",,Verbatim extract,"Continuous Intelligence Keeps the Operating Context Current | Permitted signals can be sensed, understood, compared, and carried into recommendations as conditions change. Action remains bounded by authorization, and consequential commitment pauses for human judgment unless that exact authority was explicitly delegated in advance under policy. | Persistent Progression | Permitted context, intelligence, and already-authorized work can continue progressing across time. Every progression stays inside defined permissions, can be inspected, and can be redirected, paused, revoked, or overridden by an authorized human.",,Yes,src/pages/ContentPage.tsx
2,/product,SECTION 8,321,One OS. Different Relevant Depth.,"Persistent progression underneath. Relevant depth above.
Adding capability - or allowing progression to continue over time - should not automatically add visible complexity or reduce human control.",CTA: Experience LAMID ONE,Verbatim extract,One OS. Different Relevant Depth. | Persistent progression underneath. Relevant depth above. | Adding capability - or allowing progression to continue over time - should not automatically add visible complexity or reduce human control.,,Yes,src/pages/ContentPage.tsx
3,/product/companion,HERO,332,Work With the Situation in Front of You.,"The LAMID ONE Companion turns your objective and evolving context into clearer understanding, stronger decisions, and practical action.",CTA: Experience the Companion,Verbatim extract,"Work With the Situation in Front of You. | The LAMID ONE Companion turns your objective and evolving context into clearer understanding, stronger decisions, and practical action.",,Yes,src/pages/ContentPage.tsx
3,/product/companion,SECTION 2,336,Start With Intent,"A decision. A challenge. An opportunity. A plan.
Start with the outcome you want to move toward.",,Verbatim extract,Start With Intent | A decision. A challenge. An opportunity. A plan. | Start with the outcome you want to move toward.,,Yes,src/pages/ContentPage.tsx
3,/product/companion,SECTION 3,340,Context Before Answers,"Your objective, role, workspace, priorities, previous decisions, permitted information, authorized work, and relevant changes since your last interaction shape what matters. The Companion works from an evolving context instead of treating every interaction as isolated.",,Verbatim extract,"Context Before Answers | Your objective, role, workspace, priorities, previous decisions, permitted information, authorized work, and relevant changes since your last interaction shape what matters. The Companion works from an evolving context instead of treating every interaction as isolated.",,Yes,src/pages/ContentPage.tsx
3,/product/companion,SECTION 4,343,From Understanding to Action,"Clarify the situation.
Compare options.
Surface assumptions.
Identify capability needs.
Structure the decision.
Define the next action.
Move into a workflow when execution needs more structure.",,Partial extract,From Understanding to Action | Clarify the situation. | Compare options. | Surface assumptions.,"Identify capability needs.
Structure the decision.
Define the next action.
Move into a workflow when execution needs more structure.",Yes,src/pages/ContentPage.tsx
3,/product/companion,SECTION 5,352,Prepare a Hiring Decision,"Define the capability need, understand the financial impact, clarify the role requirements, and review the business context before committing.",,Verbatim extract,"Prepare a Hiring Decision | Define the capability need, understand the financial impact, clarify the role requirements, and review the business context before committing.",,Yes,src/pages/ContentPage.tsx
3,/product/companion,SECTION 6,355,Guidance Without Pressure,"Review important recommendations and progressed activity, inspect assumptions and permissions, see what changed since the previous state, explore alternatives, redirect, pause, revoke, override, or decide what happens next.",,Verbatim extract,"Guidance Without Pressure | Review important recommendations and progressed activity, inspect assumptions and permissions, see what changed since the previous state, explore alternatives, redirect, pause, revoke, override, or decide what happens next.",,Yes,src/pages/ContentPage.tsx
3,/product/companion,SECTION 7,358,Context You Control,"Persistent progression remains bounded by the permissions, sources, policies, and controls established by you or your organization.
Review what LAMID ONE was allowed to observe, update, and progress. Change or revoke those permissions, and keep personal, team, and organizational contexts appropriately bounded.",Link: Responsible AI,Verbatim extract,"Context You Control | Persistent progression remains bounded by the permissions, sources, policies, and controls established by you or your organization. | Review what LAMID ONE was allowed to observe, update, and progress. Change or revoke those permissions, and keep personal, team, and organizational contexts appropriately bounded.",,Yes,src/pages/ContentPage.tsx
4,/product/experience,HERO,369,The Same OS. Shaped Around Different Work.,"LAMID ONE changes what you see according to your context, responsibility, and needs. You gain depth without moving into another product.",CTA: See LAMID ONE in Action,Verbatim extract,"The Same OS. Shaped Around Different Work. | LAMID ONE changes what you see according to your context, responsibility, and needs. You gain depth without moving into another product.",,Yes,src/pages/ContentPage.tsx
4,/product/experience,SECTION 2,373,Personal,"Focus on Today, Clarity, Capability, Consistency, Progress, and the Companion.",,Verbatim extract,"Personal | Focus on Today, Clarity, Capability, Consistency, Progress, and the Companion.",,Yes,src/pages/ContentPage.tsx
4,/product/experience,SECTION 3,376,Professional & Creator,"Add professional context, opportunity guidance, capability development, progress history, and business context where relevant.",,Verbatim extract,"Professional & Creator | Add professional context, opportunity guidance, capability development, progress history, and business context where relevant.",,Yes,src/pages/ContentPage.tsx
4,/product/experience,SECTION 4,379,Founder & SME,"Add operational clarity, financial insight, opportunity analysis, team capability, and advanced execution.",,Verbatim extract,"Founder & SME | Add operational clarity, financial insight, opportunity analysis, team capability, and advanced execution.",,Yes,src/pages/ContentPage.tsx
4,/product/experience,SECTION 5,382,Enterprise & Institution,"Add multi-team context, organizational insight, governance, analytics, integrations, and administration.",,Verbatim extract,"Enterprise & Institution | Add multi-team context, organizational insight, governance, analytics, integrations, and administration.",,Yes,src/pages/ContentPage.tsx
4,/product/experience,SECTION 6,385,Change Context Without Changing Product,"A professional creates a team workspace. Shared priorities, workflows, and team capability appear while the personal context stays private.",,Verbatim extract,"Change Context Without Changing Product | A professional creates a team workspace. Shared priorities, workflows, and team capability appear while the personal context stays private.",,Yes,src/pages/ContentPage.tsx
4,/product/experience,SECTION 7,388,The Context Changes. The System Remains ONE.,Your workspace gains relevant depth as your responsibilities grow without forcing you into a separate product.,CTA: See LAMID ONE in Action,Verbatim extract,The Context Changes. The System Remains ONE. | Your workspace gains relevant depth as your responsibilities grow without forcing you into a separate product.,,Yes,src/pages/ContentPage.tsx
5,/product/intelligence,HERO,398,The Right Intelligence for the Decision.,"Start with the outcome. LAMID ONE brings together the relevant analysis, context, and specialist depth inside one operating experience.",CTA: See How It Works,Verbatim extract,"The Right Intelligence for the Decision. | Start with the outcome. LAMID ONE brings together the relevant analysis, context, and specialist depth inside one operating experience.",,Yes,src/pages/ContentPage.tsx
5,/product/intelligence,SECTION 2,402,Choose Your Next Professional Move,"Compare opportunity, current capability, timing, priorities, and development requirements before choosing the next direction.
Contextual Intelligence: Opportunity + Diagnostic + People",,Verbatim extract,"Choose Your Next Professional Move | Compare opportunity, current capability, timing, priorities, and development requirements before choosing the next direction. | Contextual Intelligence: Opportunity + Diagnostic + People",,Yes,src/pages/ContentPage.tsx
5,/product/intelligence,SECTION 3,406,Turn an Idea Into a Viable Direction,"Understand audience opportunity, capability requirements, commercial implications, and the next steps needed to move the idea forward.
Contextual Intelligence: Opportunity + Financial + Diagnostic",,Verbatim extract,"Turn an Idea Into a Viable Direction | Understand audience opportunity, capability requirements, commercial implications, and the next steps needed to move the idea forward. | Contextual Intelligence: Opportunity + Financial + Diagnostic",,Yes,src/pages/ContentPage.tsx
5,/product/intelligence,SECTION 4,410,Plan the Next Stage of the Business,"Assess financial capacity, people requirements, growth opportunity, operational readiness, and execution demand together.
Contextual Intelligence: Financial + People + Opportunity + Workflow",,Verbatim extract,"Plan the Next Stage of the Business | Assess financial capacity, people requirements, growth opportunity, operational readiness, and execution demand together. | Contextual Intelligence: Financial + People + Opportunity + Workflow",,Yes,src/pages/ContentPage.tsx
5,/product/intelligence,SECTION 5,414,Strengthen Organizational Alignment,"Connect strategic priorities, capability, dependencies, workflows, and governance across teams.
Contextual Intelligence: Organizational + People + Workflow",,Verbatim extract,"Strengthen Organizational Alignment | Connect strategic priorities, capability, dependencies, workflows, and governance across teams. | Contextual Intelligence: Organizational + People + Workflow",,Yes,src/pages/ContentPage.tsx
5,/product/intelligence,SECTION 6,418,Specialist Depth Underneath,"LAMID ONE brings diagnostic, opportunity, financial, people, commercial, workflow, and organizational intelligence into context without turning those domains into separate products you have to manage.
SECTION 7",,Partial extract,"Specialist Depth Underneath | LAMID ONE brings diagnostic, opportunity, financial, people, commercial, workflow, and organizational intelligence into context without turning those domains into separate products you have to manage.",SECTION 7,Yes,src/pages/ContentPage.tsx
5,/product/intelligence,SECTION 7 / SECTION - COMMERCIAL CONTEXT,422,Move From Commercial Intent to Verified Delivery,"When the objective includes client work, procurement, delivery, or payment, bring scope, acceptance criteria, milestones, evidence, approvals, and commercial implications into the same decision context.
Contextual Intelligence: Commercial + Financial + Workflow + Evidence
One Objective. The Relevant Depth.
You work on the outcome. The OS coordinates the specialist depth underneath.",CTA: See How It Works,Partial extract,"Move From Commercial Intent to Verified Delivery | When the objective includes client work, procurement, delivery, or payment, bring scope, acceptance criteria, milestones, evidence, approvals, and commercial implications into the same decision context. | Contextual Intelligence: Commercial + Financial + Workflow + Evidence | One Objective. The Relevant Depth.",You work on the outcome. The OS coordinates the specialist depth underneath.,Yes,src/pages/ContentPage.tsx
6,/product/workflows,HERO,436,Move From Insight to Execution.,Connect decisions to action - from one clear next step to structured workflows when the work requires more coordination.,CTA: See Workflow Capability,Title retained; body replaced,Move From Insight to Execution. — generic availability description.,Connect decisions to action - from one clear next step to structured workflows when the work requires more coordination.,Yes,src/pages/ContentPage.tsx
6,/product/workflows,SECTION 2,440,Start Simple,"For lighter work, execution may be one priority, one action, and one commitment. You do not need a workflow builder for everything.",,Replaced by availability copy,No section-specific content displayed. Shared availability panel and working-feature list instead.,"Start Simple
For lighter work, execution may be one priority, one action, and one commitment. You do not need a workflow builder for everything.",Yes,src/pages/ContentPage.tsx
6,/product/workflows,SECTION 3,443,Structure Complex Work,"Steps
Owners
Dependencies
Decisions
Approvals
Progress",,Replaced by availability copy,No section-specific content displayed. Shared availability panel and working-feature list instead.,"Structure Complex Work
Steps
Owners
Dependencies
Decisions
Approvals
Progress",Yes,src/pages/ContentPage.tsx
6,/product/workflows,SECTION 4,451,Suggested Next Actions,Use contextual suggestions to move work forward. Review every suggestion before it becomes part of the workflow.,,Replaced by availability copy,No section-specific content displayed. Shared availability panel and working-feature list instead.,"Suggested Next Actions
Use contextual suggestions to move work forward. Review every suggestion before it becomes part of the workflow.",Yes,src/pages/ContentPage.tsx
6,/product/workflows,SECTION 5,454,Repeat What Works,Turn useful processes into repeatable patterns without removing judgment where circumstances differ.,,Replaced by availability copy,No section-specific content displayed. Shared availability panel and working-feature list instead.,"Repeat What Works
Turn useful processes into repeatable patterns without removing judgment where circumstances differ.",Yes,src/pages/ContentPage.tsx
6,/product/workflows,SECTION 6,457,Launch a New Service,"Move from market decision to pricing, capability preparation, launch steps, owners, approvals, and review in one connected workflow.",,Replaced by availability copy,No section-specific content displayed. Shared availability panel and working-feature list instead.,"Launch a New Service
Move from market decision to pricing, capability preparation, launch steps, owners, approvals, and review in one connected workflow.",Yes,src/pages/ContentPage.tsx
6,/product/workflows,SECTION 7,460,Progress Within the Boundaries You Set,"Authorized work may continue between interactions only inside the exact workflow scope already granted. New authority is never inferred: LAMID ONE can pause, request approval, surface a changed condition, and allow an authorized human to continue, redirect, revoke, or override progression before consequential commitment.
SECTION 8",,Replaced by availability copy,No section-specific content displayed. Shared availability panel and working-feature list instead.,"Progress Within the Boundaries You Set
Authorized work may continue between interactions only inside the exact workflow scope already granted. New authority is never inferred: LAMID ONE can pause, request approval, surface a changed condition, and allow an authorized human to continue, redirect, revoke, or override progression before consequential commitment.
SECTION 8",Yes,src/pages/ContentPage.tsx
6,/product/workflows,SECTION 8 / SECTION - COMMERCIAL EXECUTION,464,From Agreement to Verified Outcome,"Where work becomes commercial, keep the operating record connected from proposal and structured scope through acceptance criteria, agreement, milestones, invoice, delivery, verification, authorized approval, payment release, and reconciliation.
Define acceptance criteria before delivery - not after a disagreement appears.
Keep scope, deliverables, milestones, assumptions, exclusions, evidence requirements, revision terms, and release conditions structured and traceable.
Use deterministic checks first where possible, then AI-assisted semantic verification where it adds value, with evidence and confidence visible.
AI may verify, compare, and recommend. Consequential payment release remains subject to authorized human approval by default.
Use milestone payment and release management language unless a legally reviewed escrow structure is actually in place.
Execution Stays Connected to the Decision That Created It.
Keep the objective, reasoning, owners, and actions connected so execution does not lose the context behind the decision.",CTA: See Workflow Capability,Replaced by availability copy,No section-specific content displayed. Shared availability panel and working-feature list instead.,"From Agreement to Verified Outcome
Where work becomes commercial, keep the operating record connected from proposal and structured scope through acceptance criteria, agreement, milestones, invoice, delivery, verification, authorized approval, payment release, and reconciliation.
Define acceptance criteria before delivery - not after a disagreement appears.
Keep scope, deliverables, milestones, assumptions, exclusions, evidence requirements, revision terms, and release conditions structured and traceable.
Use deterministic checks first where possible, then AI-assisted semantic verification where it adds value, with evidence and confidence visible.
AI may verify, compare, and recommend. Consequential payment release remains subject to authorized human approval by default.
Use milestone payment and release management language unless a legally reviewed escrow structure is actually in place.
Execution Stays Connected to the Decision That Created It.
Keep the objective, reasoning, owners, and actions connected so execution does not lose the context behind the decision.",Yes,src/pages/ContentPage.tsx
7,/product/organizations,HERO,481,From Individual Clarity to Organizational Coherence.,Extend the same operating principles across teams and organizations while keeping each person's experience clear and relevant.,CTA: Explore LAMID ONE for Organizations,Verbatim extract,From Individual Clarity to Organizational Coherence. | Extend the same operating principles across teams and organizations while keeping each person's experience clear and relevant.,,Yes,src/pages/ContentPage.tsx
7,/product/organizations,SECTION 2,485,Shared Context,"Connect priorities, decisions, responsibilities, progress, and material changes where collaboration requires a common view.",,Verbatim extract,"Shared Context | Connect priorities, decisions, responsibilities, progress, and material changes where collaboration requires a common view.",,Yes,src/pages/ContentPage.tsx
7,/product/organizations,SECTION 3,488,Organizational Rhythm,"Create shared clarity, understand capability, strengthen execution consistency, and review patterns as organizational context evolves over time.",,Verbatim extract,"Organizational Rhythm | Create shared clarity, understand capability, strengthen execution consistency, and review patterns as organizational context evolves over time.",,Yes,src/pages/ContentPage.tsx
7,/product/organizations,SECTION 4,491,Multi-Team Work,Coordinate work across teams while preserving the boundaries each context requires.,,Verbatim extract,Multi-Team Work | Coordinate work across teams while preserving the boundaries each context requires.,,Yes,src/pages/ContentPage.tsx
7,/product/organizations,SECTION 5,494,Governance,"Apply roles, permissions, AI policies, workflow approvals, data controls, and accountability as responsibility grows.",,Verbatim extract,"Governance | Apply roles, permissions, AI policies, workflow approvals, data controls, and accountability as responsibility grows.",,Yes,src/pages/ContentPage.tsx
7,/product/organizations,SECTION 6,497,Align a Multi-Team Transformation,"Connect strategic priorities, team capability, cross-team dependencies, execution plans, and governance in one organizational context.",,Verbatim extract,"Align a Multi-Team Transformation | Connect strategic priorities, team capability, cross-team dependencies, execution plans, and governance in one organizational context.",,Yes,src/pages/ContentPage.tsx
7,/product/organizations,SECTION 7,500,Scale the Capability. Preserve the Coherence.,"Add shared context, administration, governance, and organizational depth while continuous updates remain permissioned, explainable, and calm enough for everyday work.",CTA: Explore LAMID ONE for Organizations,Verbatim extract,"Scale the Capability. Preserve the Coherence. | Add shared context, administration, governance, and organizational depth while continuous updates remain permissioned, explainable, and calm enough for everyday work.",,Yes,src/pages/ContentPage.tsx
8,/how-it-works,HERO,510,A Simple Operating Cycle for More Complex Work.,"Move from understanding to capability, from capability to consistent action, and let permitted progress carry forward between interactions so growth can compound over time.",CTA: Start With Clarity,Verbatim extract,"A Simple Operating Cycle for More Complex Work. | Move from understanding to capability, from capability to consistent action, and let permitted progress carry forward between interactions so growth can compound over time.",,Yes,src/pages/ContentPage.tsx
8,/how-it-works,SECTION 2,514,Clarity,Understand the situation before acting.,,Verbatim extract,Clarity | Understand the situation before acting.,,Yes,src/pages/ContentPage.tsx
8,/how-it-works,SECTION 3,517,Capability,Strengthen what the next step requires.,,Heading lost / body shifted,Strengthen what the next step requires.,Capability,Yes,src/pages/ContentPage.tsx
8,/how-it-works,SECTION 4,520,Consistency,Turn the right decisions into repeatable action.,,Verbatim extract,Consistency | Turn the right decisions into repeatable action.,,Yes,src/pages/ContentPage.tsx
8,/how-it-works,SECTION 5,523,Outcome: Growth,"Each cycle carries forward relevant change and authorized progress so growth can compound rather than restart.
Let better decisions and stronger execution compound.",,Verbatim extract,Outcome: Growth | Each cycle carries forward relevant change and authorized progress so growth can compound rather than restart. | Let better decisions and stronger execution compound.,,Yes,src/pages/ContentPage.tsx
8,/how-it-works,SECTION 6,527,The Companion Connects the Cycle,"Start with your objective. The Companion brings forward the context and capabilities that matter, including relevant changes carried forward since the last cycle.",,Verbatim extract,"The Companion Connects the Cycle | Start with your objective. The Companion brings forward the context and capabilities that matter, including relevant changes carried forward since the last cycle.",,Yes,src/pages/ContentPage.tsx
8,/how-it-works,SECTION 7,530,Improve Customer Retention,"Clarify the retention pattern, identify capability or process gaps, choose an intervention, execute it consistently, and review the result over time.",,Verbatim extract,"Improve Customer Retention | Clarify the retention pattern, identify capability or process gaps, choose an intervention, execute it consistently, and review the result over time.",,Yes,src/pages/ContentPage.tsx
8,/how-it-works,SECTION 8,533,Persistent Progression,"Between interactions, permitted context and already-authorized work can continue moving forward. Permissions do not expand themselves, and consequential authority remains governed.",,Verbatim extract,"Persistent Progression | Between interactions, permitted context and already-authorized work can continue moving forward. Permissions do not expand themselves, and consequential authority remains governed.",,Yes,src/pages/ContentPage.tsx
8,/how-it-works,SECTION 9,536,The Cycle Stays Simple. The Depth Appears When Needed.,"Clarity, Capability, and Consistency remain the common experience while specialist intelligence and permissioned progression appear only when the objective requires them.",CTA: Start With Clarity,Verbatim extract,"The Cycle Stays Simple. The Depth Appears When Needed. | Clarity, Capability, and Consistency remain the common experience while specialist intelligence and permissioned progression appear only when the objective requires them.",,Yes,src/pages/ContentPage.tsx
9,/how-it-works/clarity,HERO,546,See the Situation More Clearly.,"Before choosing what to do, understand what matters, what is changing, and what may be getting in the way.",CTA: Experience Clarity,Verbatim extract,"See the Situation More Clearly. | Before choosing what to do, understand what matters, what is changing, and what may be getting in the way.",,Yes,src/pages/ContentPage.tsx
9,/how-it-works/clarity,SECTION 2,550,Reduce Noise,Separate the important from the merely urgent.,,Verbatim extract,Reduce Noise | Separate the important from the merely urgent.,,Yes,src/pages/ContentPage.tsx
9,/how-it-works/clarity,SECTION 3,553,Understand Context,"Bring relevant information, priorities, assumptions, and constraints into view.",,Verbatim extract,"Understand Context | Bring relevant information, priorities, assumptions, and constraints into view.",,Yes,src/pages/ContentPage.tsx
9,/how-it-works/clarity,SECTION 4,556,Reveal Patterns,Recognize recurring issues and relationships that fragmented information can hide.,,Verbatim extract,Reveal Patterns | Recognize recurring issues and relationships that fragmented information can hide.,,Yes,src/pages/ContentPage.tsx
9,/how-it-works/clarity,SECTION 5,559,Set the Priority,Turn understanding into a clear focus.,,Verbatim extract,Set the Priority | Turn understanding into a clear focus.,,Yes,src/pages/ContentPage.tsx
9,/how-it-works/clarity,SECTION 6,562,Decide What to Fix First,"Bring customer signals, operational issues, financial impact, and team constraints into one view, then set the priority with the highest justified value.",,Verbatim extract,"Decide What to Fix First | Bring customer signals, operational issues, financial impact, and team constraints into one view, then set the priority with the highest justified value.",,Yes,src/pages/ContentPage.tsx
9,/how-it-works/clarity,SECTION 7,565,Better Action Starts With Better Understanding.,"Leave Clarity with a defined objective, relevant context, explicit assumptions, and a clear priority.",CTA: Experience Clarity,Verbatim extract,"Better Action Starts With Better Understanding. | Leave Clarity with a defined objective, relevant context, explicit assumptions, and a clear priority.",,Yes,src/pages/ContentPage.tsx
10,/how-it-works/capability,HERO,575,Know What the Next Step Requires.,Clarity shows what matters. Capability determines whether you can act on it effectively.,CTA: Explore Capability,Verbatim extract,Know What the Next Step Requires. | Clarity shows what matters. Capability determines whether you can act on it effectively.,,Yes,src/pages/ContentPage.tsx
10,/how-it-works/capability,SECTION 2,579,Capability Is More Than Skill,"Knowledge
Resources
Methods
Decision support
Team strength
Access to specialist context
Access to specialist human expertise where appropriate and available",,Heading lost / body shifted,Knowledge | Resources | Methods | Decision support,"Capability Is More Than Skill
Team strength
Access to specialist context
Access to specialist human expertise where appropriate and available",Yes,src/pages/ContentPage.tsx
10,/how-it-works/capability,SECTION 3,588,Personal Capability,"Strengthen how you think, decide, and work.",,Verbatim extract,"Personal Capability | Strengthen how you think, decide, and work.",,Yes,src/pages/ContentPage.tsx
10,/how-it-works/capability,SECTION 4,591,Team Capability,See what the work requires and where support or development is missing.,,Verbatim extract,Team Capability | See what the work requires and where support or development is missing.,,Yes,src/pages/ContentPage.tsx
10,/how-it-works/capability,SECTION 5,594,Organizational Capability,Connect capabilities to priorities instead of treating them as isolated competencies.,,Verbatim extract,Organizational Capability | Connect capabilities to priorities instead of treating them as isolated competencies.,,Yes,src/pages/ContentPage.tsx
10,/how-it-works/capability,SECTION 6,597,Prepare for a New Growth Stage,"Identify the financial, operational, leadership, and delivery capabilities the next stage requires - then build or acquire what is missing.
SECTION 7",,Partial extract,"Prepare for a New Growth Stage | Identify the financial, operational, leadership, and delivery capabilities the next stage requires - then build or acquire what is missing.",SECTION 7,Yes,src/pages/ContentPage.tsx
10,/how-it-works/capability,"SECTION 7 / SECTION - BUILD, ACCESS OR DELEGATE",601,Capability Does Not Have to Be Built Alone,"Close the critical gap in the way that fits the work: build it internally, access a method or tool, bring in specialist expertise, or delegate a bounded task while keeping the objective, evidence, and responsibility visible.
Growth Without Capability Becomes Pressure.
Build or access what the next stage requires before asking people or systems to carry more load.",CTA: Explore Capability,Heading lost / body shifted,"Close the critical gap in the way that fits the work: build it internally, access a method or tool, bring in specialist expertise, or delegate a bounded task while keeping the objective, evidence, and responsibility visible. | Growth Without Capability Becomes Pressure. | Build or access what the next stage requires before asking people or systems to carry more load.",Capability Does Not Have to Be Built Alone,Yes,src/pages/ContentPage.tsx
11,/how-it-works/consistency,HERO,613,Turn Good Decisions Into Reliable Progress.,Consistency connects understanding and capability to sustained action.,CTA: Build Your Rhythm,Verbatim extract,Turn Good Decisions Into Reliable Progress. | Consistency connects understanding and capability to sustained action.,,Yes,src/pages/ContentPage.tsx
11,/how-it-works/consistency,SECTION 2,617,Move the Next Action,Reduce the gap between deciding and doing.,,Verbatim extract,Move the Next Action | Reduce the gap between deciding and doing.,,Yes,src/pages/ContentPage.tsx
11,/how-it-works/consistency,SECTION 3,620,Build a Rhythm,Create a practical cadence around important work.,,Verbatim extract,Build a Rhythm | Create a practical cadence around important work.,,Yes,src/pages/ContentPage.tsx
11,/how-it-works/consistency,SECTION 4,623,Review the Result,Learn from what happened instead of simply moving to the next task.,,Verbatim extract,Review the Result | Learn from what happened instead of simply moving to the next task.,,Yes,src/pages/ContentPage.tsx
11,/how-it-works/consistency,SECTION 5,626,Adjust,Change the approach when evidence shows that something needs to change.,,Verbatim extract,Adjust | Change the approach when evidence shows that something needs to change.,,Yes,src/pages/ContentPage.tsx
11,/how-it-works/consistency,SECTION 6,629,Improve a Sales Process,"Set the priority, define the required capability, run the new process consistently, review conversion and cycle time, then adjust the workflow.",,Verbatim extract,"Improve a Sales Process | Set the priority, define the required capability, run the new process consistently, review conversion and cycle time, then adjust the workflow.",,Yes,src/pages/ContentPage.tsx
11,/how-it-works/consistency,SECTION 7,632,Consistency Keeps Important Work Moving Without Blocking Adaptation.,Use a clear cadence and review triggers so execution stays steady while the plan remains responsive to evidence.,CTA: Build Your Rhythm,Verbatim extract,Consistency Keeps Important Work Moving Without Blocking Adaptation. | Use a clear cadence and review triggers so execution stays steady while the plan remains responsive to evidence.,,Yes,src/pages/ContentPage.tsx
12,/how-it-works/growth,HERO,642,Growth Is the Outcome.,"Growth emerges when clearer understanding, stronger capability, consistent action, and continuously refreshed context compound over time.",CTA: See the Operating Model,Verbatim extract,"Growth Is the Outcome. | Growth emerges when clearer understanding, stronger capability, consistent action, and continuously refreshed context compound over time.",,Yes,src/pages/ContentPage.tsx
12,/how-it-works/growth,SECTION 2,646,Personal Growth,"Build clearer judgment, stronger capability, and more intentional progress as each cycle carries useful context forward.",,Verbatim extract,"Personal Growth | Build clearer judgment, stronger capability, and more intentional progress as each cycle carries useful context forward.",,Yes,src/pages/ContentPage.tsx
12,/how-it-works/growth,SECTION 3,649,Business Growth,"Strengthen operations, decisions, capability, and opportunity execution as changing business conditions are incorporated into the operating context.",,Verbatim extract,"Business Growth | Strengthen operations, decisions, capability, and opportunity execution as changing business conditions are incorporated into the operating context.",,Yes,src/pages/ContentPage.tsx
12,/how-it-works/growth,SECTION 4,652,Organizational Growth,"Improve coherence, systems, team capability, and coordination as organizational signals and progress accumulate over time.",,Verbatim extract,"Organizational Growth | Improve coherence, systems, team capability, and coordination as organizational signals and progress accumulate over time.",,Yes,src/pages/ContentPage.tsx
12,/how-it-works/growth,SECTION 5,655,Grow Without Losing Control,"Use stronger financial context, capability planning, workflows, and review rhythms to scale while keeping decisions visible.",,Verbatim extract,"Grow Without Losing Control | Use stronger financial context, capability planning, workflows, and review rhythms to scale while keeping decisions visible.",,Yes,src/pages/ContentPage.tsx
12,/how-it-works/growth,SECTION 6,658,Growth Changes by Context. The Operating Principles Stay Consistent.,"Personal, business, and organizational growth look different, but each depends on clearer decisions, stronger capability, sustained execution, and context that does not reset with every session.",CTA: See the Operating Model,Verbatim extract,"Growth Changes by Context. The Operating Principles Stay Consistent. | Personal, business, and organizational growth look different, but each depends on clearer decisions, stronger capability, sustained execution, and context that does not reset with every session.",,Yes,src/pages/ContentPage.tsx
13,/how-it-works/rhythm,HERO,668,"Make Progress a Rhythm, Not an Event.","Connect persistent, permissioned progression with deliberate daily action, weekly review, monthly patterns, and organizational learning.",CTA: Explore the Rhythm,Verbatim extract,"Make Progress a Rhythm, Not an Event. | Connect persistent, permissioned progression with deliberate daily action, weekly review, monthly patterns, and organizational learning.",,Yes,src/pages/ContentPage.tsx
13,/how-it-works/rhythm,SECTION 2,672,Today,What matters now? What does the next action require?,,Verbatim extract,Today | What matters now? What does the next action require?,,Yes,src/pages/ContentPage.tsx
13,/how-it-works/rhythm,SECTION 3,675,This Week,What moved? What stalled? What keeps recurring?,,Verbatim extract,This Week | What moved? What stalled? What keeps recurring?,,Yes,src/pages/ContentPage.tsx
13,/how-it-works/rhythm,SECTION 4,678,This Month,What patterns are becoming visible? Where is capability strengthening or friction persisting?,,Verbatim extract,This Month | What patterns are becoming visible? Where is capability strengthening or friction persisting?,,Yes,src/pages/ContentPage.tsx
13,/how-it-works/rhythm,SECTION 5,681,Organization,Where are priorities aligned? Where is capability constrained? Where is execution losing consistency?,,Verbatim extract,Organization | Where are priorities aligned? Where is capability constrained? Where is execution losing consistency?,,Yes,src/pages/ContentPage.tsx
13,/how-it-works/rhythm,SECTION 6,684,Turn a Strategic Priority Into a Working Cadence,"Define the priority today, review movement weekly, inspect patterns monthly, and connect team-level learning to the organization.",,Verbatim extract,"Turn a Strategic Priority Into a Working Cadence | Define the priority today, review movement weekly, inspect patterns monthly, and connect team-level learning to the organization.",,Yes,src/pages/ContentPage.tsx
13,/how-it-works/rhythm,SECTION 7,687,"See Progress in an Evolving Context, Not Just as a Score.","Review what progressed, what changed, what improved, why it changed, which permissions enabled it, and what should carry into the next cycle.",CTA: Explore the Rhythm,Verbatim extract,"See Progress in an Evolving Context, Not Just as a Score. | Review what progressed, what changed, what improved, why it changed, which permissions enabled it, and what should carry into the next cycle.",,Yes,src/pages/ContentPage.tsx
14,/who-its-for,HERO,697,One OS. Different Contexts.,"Your needs change with the work you do, the responsibility you carry, and the scale at which you operate. LAMID ONE adapts accordingly.",CTA: Choose Your Context,Verbatim extract,"One OS. Different Contexts. | Your needs change with the work you do, the responsibility you carry, and the scale at which you operate. LAMID ONE adapts accordingly.",,Yes,src/pages/ContentPage.tsx
14,/who-its-for,SECTION 2,701,Individual,Find clarity and make progress.,,Verbatim extract,Individual | Find clarity and make progress.,,Yes,src/pages/ContentPage.tsx
14,/who-its-for,SECTION 3,704,Professional,"Strengthen decisions, capability, and execution.",,Verbatim extract,"Professional | Strengthen decisions, capability, and execution.",,Yes,src/pages/ContentPage.tsx
14,/who-its-for,SECTION 4,707,Creator,Turn ideas into clearer action and opportunity.,,Verbatim extract,Creator | Turn ideas into clearer action and opportunity.,,Yes,src/pages/ContentPage.tsx
14,/who-its-for,SECTION 5,710,Founder,"Connect business, finance, people, opportunity, and execution.",,Verbatim extract,"Founder | Connect business, finance, people, opportunity, and execution.",,Yes,src/pages/ContentPage.tsx
14,/who-its-for,SECTION 6,713,Team,Build shared clarity and coordinated action.,,Verbatim extract,Team | Build shared clarity and coordinated action.,,Yes,src/pages/ContentPage.tsx
14,/who-its-for,SECTION 7,716,SME,Strengthen operations without adding fragmentation.,,Verbatim extract,SME | Strengthen operations without adding fragmentation.,,Yes,src/pages/ContentPage.tsx
14,/who-its-for,SECTION 8,719,Enterprises,"Connect intelligence, workflows, capability, and governance.",,Verbatim extract,"Enterprises | Connect intelligence, workflows, capability, and governance.",,Yes,src/pages/ContentPage.tsx
14,/who-its-for,SECTION 9,722,Institution,"Strengthen capability, continuity, and responsible decision-making.",,Verbatim extract,"Institution | Strengthen capability, continuity, and responsible decision-making.",,Yes,src/pages/ContentPage.tsx
14,/who-its-for,SECTION 10,725,One Master Proposition,"Different context changes the emphasis, not the product.",CTA: Choose Your Context,Omitted,No corresponding stored/rendered section; generator filtering or eight-section limit.,"One Master Proposition
Different context changes the emphasis, not the product.",No,src/pages/ContentPage.tsx
15,/who-its-for/individuals,HERO,735,More Clarity for What Matters to You.,"Use a private operating environment for decisions, capability, priorities, and progress.",CTA: Start With LAMID ONE,Verbatim extract,"More Clarity for What Matters to You. | Use a private operating environment for decisions, capability, priorities, and progress.",,Yes,src/pages/ContentPage.tsx
15,/who-its-for/individuals,SECTION 2,739,Set the Focus,Bring competing priorities into one clear view.,,Verbatim extract,Set the Focus | Bring competing priorities into one clear view.,,Yes,src/pages/ContentPage.tsx
15,/who-its-for/individuals,SECTION 3,742,Strengthen Capability,"Identify what you need to learn, access, build, or change.",,Verbatim extract,"Strengthen Capability | Identify what you need to learn, access, build, or change.",,Yes,src/pages/ContentPage.tsx
15,/who-its-for/individuals,SECTION 4,745,Keep Progress Moving,Turn important intentions into realistic action and review.,,Verbatim extract,Keep Progress Moving | Turn important intentions into realistic action and review.,,Yes,src/pages/ContentPage.tsx
15,/who-its-for/individuals,SECTION 5,748,Make a Career Decision,"Compare priorities, opportunity, capability gaps, constraints, and next actions before committing to a direction.",,Verbatim extract,"Make a Career Decision | Compare priorities, opportunity, capability gaps, constraints, and next actions before committing to a direction.",,Yes,src/pages/ContentPage.tsx
15,/who-its-for/individuals,SECTION 6,751,Your Personal Context Stays Personal.,Your personal experience stays focused on your work without exposing organization-level complexity.,CTA: Start With LAMID ONE,Verbatim extract,Your Personal Context Stays Personal. | Your personal experience stays focused on your work without exposing organization-level complexity.,,Yes,src/pages/ContentPage.tsx
16,/who-its-for/professionals,HERO,761,Work With Greater Clarity and Capability.,"Strengthen how you understand problems, make decisions, develop capability, and follow through on important work.",CTA: Explore LAMID ONE for Professionals,Verbatim extract,"Work With Greater Clarity and Capability. | Strengthen how you understand problems, make decisions, develop capability, and follow through on important work.",,Yes,src/pages/ContentPage.tsx
16,/who-its-for/professionals,SECTION 2,765,Make Stronger Decisions,"Bring context, priorities, trade-offs, and options into view.",,Verbatim extract,"Make Stronger Decisions | Bring context, priorities, trade-offs, and options into view.",,Yes,src/pages/ContentPage.tsx
16,/who-its-for/professionals,SECTION 3,768,Build Relevant Capability,Identify the capabilities your role or next stage requires.,,Verbatim extract,Build Relevant Capability | Identify the capabilities your role or next stage requires.,,Yes,src/pages/ContentPage.tsx
16,/who-its-for/professionals,SECTION 4,771,Create a Professional Rhythm,Connect immediate work with longer-term capability development.,,Verbatim extract,Create a Professional Rhythm | Connect immediate work with longer-term capability development.,,Yes,src/pages/ContentPage.tsx
16,/who-its-for/professionals,SECTION 5,774,Step Into a Larger Role,"Clarify expectations, map capability gaps, set development priorities, and track progress against real work.",,Verbatim extract,"Step Into a Larger Role | Clarify expectations, map capability gaps, set development priorities, and track progress against real work.",,Yes,src/pages/ContentPage.tsx
16,/who-its-for/professionals,SECTION 6,777,Your Context Grows With You.,Expand into team or organizational work without leaving the OS.,CTA: Explore LAMID ONE for Professionals,Verbatim extract,Your Context Grows With You. | Expand into team or organizational work without leaving the OS.,,Yes,src/pages/ContentPage.tsx
17,/who-its-for/creators,HERO,787,Turn Ideas Into Clearer Action.,"Bring direction, opportunity, capability, execution, and business context together without crowding out the creative work.",CTA: Explore LAMID ONE for Creators,Verbatim extract,"Turn Ideas Into Clearer Action. | Bring direction, opportunity, capability, execution, and business context together without crowding out the creative work.",,Yes,src/pages/ContentPage.tsx
17,/who-its-for/creators,SECTION 2,791,Clarify the Direction,Define what you are building and what success means.,,Verbatim extract,Clarify the Direction | Define what you are building and what success means.,,Yes,src/pages/ContentPage.tsx
17,/who-its-for/creators,SECTION 3,794,Explore Opportunity,"Compare channels, audiences, offers, and next moves.",,Verbatim extract,"Explore Opportunity | Compare channels, audiences, offers, and next moves.",,Yes,src/pages/ContentPage.tsx
17,/who-its-for/creators,SECTION 4,797,Build the Business Behind the Work,"Add pricing, monetization, planning, and financial context when the work becomes a business.",,Verbatim extract,"Build the Business Behind the Work | Add pricing, monetization, planning, and financial context when the work becomes a business.",,Yes,src/pages/ContentPage.tsx
17,/who-its-for/creators,SECTION 5,800,Execute Without Losing Flexibility,Add structure where it helps and keep creative space where it matters.,,Verbatim extract,Execute Without Losing Flexibility | Add structure where it helps and keep creative space where it matters.,,Yes,src/pages/ContentPage.tsx
17,/who-its-for/creators,SECTION 6,803,Turn an Audience Into a Sustainable Offer,"Clarify the audience need, compare offer options, model pricing, identify required capability, and build a launch workflow.",,Verbatim extract,"Turn an Audience Into a Sustainable Offer | Clarify the audience need, compare offer options, model pricing, identify required capability, and build a launch workflow.",,Yes,src/pages/ContentPage.tsx
17,/who-its-for/creators,SECTION 7,806,Structure Supports the Work. It Does Not Replace It.,"Use planning, commercial context, and execution structure where they strengthen the creative outcome.",CTA: Explore LAMID ONE for Creators,Verbatim extract,"Structure Supports the Work. It Does Not Replace It. | Use planning, commercial context, and execution structure where they strengthen the creative outcome.",,Yes,src/pages/ContentPage.tsx
18,/who-its-for/founders,HERO,816,Build With More Clarity Around the Decisions That Matter.,"Move across strategy, finance, customers, people, opportunity, and execution without managing a disconnected stack for every decision.",CTA: Explore LAMID ONE for Founders,Verbatim extract,"Build With More Clarity Around the Decisions That Matter. | Move across strategy, finance, customers, people, opportunity, and execution without managing a disconnected stack for every decision.",,Yes,src/pages/ContentPage.tsx
18,/who-its-for/founders,SECTION 2,820,Business Clarity,"Understand the priorities, assumptions, and dependencies shaping the business.",,Verbatim extract,"Business Clarity | Understand the priorities, assumptions, and dependencies shaping the business.",,Yes,src/pages/ContentPage.tsx
18,/who-its-for/founders,SECTION 3,823,Financial Context,"See runway, cash flow, pricing, scenarios, and decision impact with transparent assumptions.",,Verbatim extract,"Financial Context | See runway, cash flow, pricing, scenarios, and decision impact with transparent assumptions.",,Yes,src/pages/ContentPage.tsx
18,/who-its-for/founders,SECTION 4,826,Opportunity,Compare growth directions and strategic pathways.,,Verbatim extract,Opportunity | Compare growth directions and strategic pathways.,,Yes,src/pages/ContentPage.tsx
18,/who-its-for/founders,SECTION 5,829,Team Capability,See what the next stage requires from the people building it.,,Verbatim extract,Team Capability | See what the next stage requires from the people building it.,,Yes,src/pages/ContentPage.tsx
18,/who-its-for/founders,SECTION 6,832,Execution,"Turn strategic decisions into actions, owners, workflows, and review.",,Verbatim extract,"Execution | Turn strategic decisions into actions, owners, workflows, and review.",,Yes,src/pages/ContentPage.tsx
18,/who-its-for/founders,SECTION 7,835,Prepare for a Funding Decision,"Connect runway, growth assumptions, hiring requirements, milestones, and execution needs before choosing the funding path.",,Verbatim extract,"Prepare for a Funding Decision | Connect runway, growth assumptions, hiring requirements, milestones, and execution needs before choosing the funding path.",,Yes,src/pages/ContentPage.tsx
18,/who-its-for/founders,SECTION 8,838,One Founder. Many Contexts. One Operating System.,"Move between strategy, finance, people, opportunity, and execution without rebuilding context in separate tools.",CTA: Explore LAMID ONE for Founders,Verbatim extract,"One Founder. Many Contexts. One Operating System. | Move between strategy, finance, people, opportunity, and execution without rebuilding context in separate tools.",,Yes,src/pages/ContentPage.tsx
19,/who-its-for/teams,HERO,848,Shared Clarity. Stronger Execution.,"Move better when everyone understands what matters, what they own, and how the work connects.",CTA: Explore LAMID ONE for Teams,Verbatim extract,"Shared Clarity. Stronger Execution. | Move better when everyone understands what matters, what they own, and how the work connects.",,Yes,src/pages/ContentPage.tsx
19,/who-its-for/teams,SECTION 2,852,Shared Priorities,Create a clear view of what deserves collective attention.,,Verbatim extract,Shared Priorities | Create a clear view of what deserves collective attention.,,Yes,src/pages/ContentPage.tsx
19,/who-its-for/teams,SECTION 3,855,Capability,"See strengths, gaps, and where support is required.",,Heading lost / body shifted,"See strengths, gaps, and where support is required.",Capability,Yes,src/pages/ContentPage.tsx
19,/who-its-for/teams,SECTION 4,858,Workflows,Coordinate repeatable work without removing flexibility.,,Verbatim extract,Workflows | Coordinate repeatable work without removing flexibility.,,Yes,src/pages/ContentPage.tsx
19,/who-its-for/teams,SECTION 5,861,Rhythm,"Review progress, blockers, and next priorities together.",,Verbatim extract,"Rhythm | Review progress, blockers, and next priorities together.",,Yes,src/pages/ContentPage.tsx
19,/who-its-for/teams,SECTION 6,864,Improve Cross-Team Delivery,"Align the outcome, map dependencies, assign ownership, surface capability gaps, and review delivery in a shared rhythm.",,Verbatim extract,"Improve Cross-Team Delivery | Align the outcome, map dependencies, assign ownership, surface capability gaps, and review delivery in a shared rhythm.",,Yes,src/pages/ContentPage.tsx
19,/who-its-for/teams,SECTION 7,867,Alignment Becomes Visible in the Work.,"Shared priorities, ownership, capability, and review make alignment observable rather than assumed.",CTA: Explore LAMID ONE for Teams,Verbatim extract,"Alignment Becomes Visible in the Work. | Shared priorities, ownership, capability, and review make alignment observable rather than assumed.",,Yes,src/pages/ContentPage.tsx
20,/who-its-for/smes,HERO,877,Run a Stronger Business Without Adding More Complexity.,"Bring operations, people, finance, opportunity, and execution into one operating context.",CTA: Explore LAMID ONE for SMEs,Verbatim extract,"Run a Stronger Business Without Adding More Complexity. | Bring operations, people, finance, opportunity, and execution into one operating context.",,Yes,src/pages/ContentPage.tsx
20,/who-its-for/smes,SECTION 2,881,Operations,"Identify bottlenecks, recurring issues, and areas that need clearer structure.",,Verbatim extract,"Operations | Identify bottlenecks, recurring issues, and areas that need clearer structure.",,Yes,src/pages/ContentPage.tsx
20,/who-its-for/smes,SECTION 3,884,Financial Understanding,"See cash flow, pricing, scenarios, and financial implications clearly.",,Verbatim extract,"Financial Understanding | See cash flow, pricing, scenarios, and financial implications clearly.",,Yes,src/pages/ContentPage.tsx
20,/who-its-for/smes,SECTION 4,887,People,"Understand capability requirements, gaps, and alignment.",,Verbatim extract,"People | Understand capability requirements, gaps, and alignment.",,Yes,src/pages/ContentPage.tsx
20,/who-its-for/smes,SECTION 5,890,Opportunity,Choose where the next stage of growth deserves attention.,,Verbatim extract,Opportunity | Choose where the next stage of growth deserves attention.,,Yes,src/pages/ContentPage.tsx
20,/who-its-for/smes,SECTION 6,893,Modernization,"Identify where better systems, workflows, or automation create real value.",,Verbatim extract,"Modernization | Identify where better systems, workflows, or automation create real value.",,Yes,src/pages/ContentPage.tsx
20,/who-its-for/smes,SECTION 7,896,Improve Margin Without Slowing Growth,"Connect cost drivers, pricing, workflow efficiency, capability, and growth priorities before choosing where to change.",,Verbatim extract,"Improve Margin Without Slowing Growth | Connect cost drivers, pricing, workflow efficiency, capability, and growth priorities before choosing where to change.",,Yes,src/pages/ContentPage.tsx
20,/who-its-for/smes,SECTION 8,899,More Capability. Less Fragmentation.,"Bring operations, finance, people, opportunity, and execution into one business context instead of adding another disconnected layer.",CTA: Explore LAMID ONE for SMEs,Verbatim extract,"More Capability. Less Fragmentation. | Bring operations, finance, people, opportunity, and execution into one business context instead of adding another disconnected layer.",,Yes,src/pages/ContentPage.tsx
21,/who-its-for/enterprises,HERO,909,"Connect Decisions, Capability, and Execution Across the Organization.","Create clearer operating context across people, teams, systems, workflows, and decisions - while keeping the everyday experience focused on what each person actually needs.",CTA: Explore LAMID ONE for Enterprise,Verbatim extract,"Connect Decisions, Capability, and Execution Across the Organization. | Create clearer operating context across people, teams, systems, workflows, and decisions - while keeping the everyday experience focused on what each person actually needs.",,Yes,src/pages/ContentPage.tsx
21,/who-its-for/enterprises,SECTION 2,913,Shared Organizational Context,"Connect strategic priorities, operating signals, relevant information, and decisions across functions without creating another layer of noise.",,Verbatim extract,"Shared Organizational Context | Connect strategic priorities, operating signals, relevant information, and decisions across functions without creating another layer of noise.",,Yes,src/pages/ContentPage.tsx
21,/who-its-for/enterprises,SECTION 3,916,Multi-Team Execution,"Coordinate work across teams, responsibilities, dependencies, and decision boundaries while keeping ownership clear.",,Verbatim extract,"Multi-Team Execution | Coordinate work across teams, responsibilities, dependencies, and decision boundaries while keeping ownership clear.",,Yes,src/pages/ContentPage.tsx
21,/who-its-for/enterprises,SECTION 4,919,Organizational Capability,"Understand where current capability supports strategic priorities, where constraints are emerging, and what needs to strengthen next.",,Verbatim extract,"Organizational Capability | Understand where current capability supports strategic priorities, where constraints are emerging, and what needs to strengthen next.",,Yes,src/pages/ContentPage.tsx
21,/who-its-for/enterprises,SECTION 5,922,Govern Growth Without Slowing the Work,"Keep roles, permissions, review, accountability, and decision authority clear as more people and responsibilities enter the operating environment.",,Verbatim extract,"Govern Growth Without Slowing the Work | Keep roles, permissions, review, accountability, and decision authority clear as more people and responsibilities enter the operating environment.",,Yes,src/pages/ContentPage.tsx
21,/who-its-for/enterprises,SECTION 6,925,Work Across the Systems You Already Use,Bring relevant information from connected systems into the operating context without forcing teams to abandon the systems that already support their work.,,Verbatim extract,Work Across the Systems You Already Use | Bring relevant information from connected systems into the operating context without forcing teams to abandon the systems that already support their work.,,Yes,src/pages/ContentPage.tsx
21,/who-its-for/enterprises,SECTION 7,928,Coordinate an Enterprise Transformation,"Connect strategic objectives, business-unit priorities, capability readiness, workflow dependencies, governance, and review across a complex transformation program.",,Verbatim extract,"Coordinate an Enterprise Transformation | Connect strategic objectives, business-unit priorities, capability readiness, workflow dependencies, governance, and review across a complex transformation program.",,Yes,src/pages/ContentPage.tsx
21,/who-its-for/enterprises,SECTION 8,931,Enterprise Depth Without Enterprise Clutter.,"Give governance, analytics, integrations, administration, and organizational controls to the people who need them while keeping ordinary work clear and focused.",CTA: Explore LAMID ONE for Enterprise,Verbatim extract,"Enterprise Depth Without Enterprise Clutter. | Give governance, analytics, integrations, administration, and organizational controls to the people who need them while keeping ordinary work clear and focused.",,Yes,src/pages/ContentPage.tsx
22,/who-its-for/institutions,HERO,941,"Strengthen Capability, Continuity, and Decision-Making at Institutional Scale.","Operate across longer timelines, broader responsibilities, and deeper accountability while keeping human judgment and institutional context central.",CTA: Explore LAMID ONE for Institutions,Verbatim extract,"Strengthen Capability, Continuity, and Decision-Making at Institutional Scale. | Operate across longer timelines, broader responsibilities, and deeper accountability while keeping human judgment and institutional context central.",,Yes,src/pages/ContentPage.tsx
22,/who-its-for/institutions,SECTION 2,945,Institutional Clarity,"Understand complex priorities, dependencies, and long-term considerations.",,Verbatim extract,"Institutional Clarity | Understand complex priorities, dependencies, and long-term considerations.",,Yes,src/pages/ContentPage.tsx
22,/who-its-for/institutions,SECTION 3,948,Workforce Capability,See the capabilities required to support institutional objectives.,,Verbatim extract,Workforce Capability | See the capabilities required to support institutional objectives.,,Yes,src/pages/ContentPage.tsx
22,/who-its-for/institutions,SECTION 4,951,Continuity,"Preserve useful context across people, teams, and transitions.",,Verbatim extract,"Continuity | Preserve useful context across people, teams, and transitions.",,Yes,src/pages/ContentPage.tsx
22,/who-its-for/institutions,SECTION 5,954,Governance,"Support oversight, responsibility, and human review.",,Verbatim extract,"Governance | Support oversight, responsibility, and human review.",,Yes,src/pages/ContentPage.tsx
22,/who-its-for/institutions,SECTION 6,957,Responsible AI,"Apply AI according to institutional context, permissions, and accountability.",,Verbatim extract,"Responsible AI | Apply AI according to institutional context, permissions, and accountability.",,Yes,src/pages/ContentPage.tsx
22,/who-its-for/institutions,SECTION 7,960,Strengthen a Multi-Year Transformation,"Connect long-term priorities, workforce capability, governance, milestones, institutional memory, and review across leadership transitions.",,Verbatim extract,"Strengthen a Multi-Year Transformation | Connect long-term priorities, workforce capability, governance, milestones, institutional memory, and review across leadership transitions.",,Yes,src/pages/ContentPage.tsx
22,/who-its-for/institutions,SECTION 8,963,"Technology Should Strengthen the Institution, Not Blur Its Responsibility.","Use AI and organizational intelligence with clear accountability, continuity, and human oversight.",CTA: Explore LAMID ONE for Institutions,Verbatim extract,"Technology Should Strengthen the Institution, Not Blur Its Responsibility. | Use AI and organizational intelligence with clear accountability, continuity, and human oversight.",,Yes,src/pages/ContentPage.tsx
23,/enterprise,HERO,974,LAMID ONE at Organizational Scale,"Evaluate the architecture, governance, integrations, administration, security boundaries, operating depth, and deployment requirements behind an enterprise LAMID ONE environment.",CTA: Request an Organizational Demo | Talk to Our Team,Title retained; body replaced,LAMID ONE at Organizational Scale — generic availability description.,"Evaluate the architecture, governance, integrations, administration, security boundaries, operating depth, and deployment requirements behind an enterprise LAMID ONE environment.",Yes,src/pages/ContentPage.tsx
23,/enterprise,SECTION 2,978,Enterprise Architecture,"Support multiple permitted contexts, organizational workspaces, role-aware access, contextual intelligence, and organization-level controls within one coherent operating environment.",,Replaced by availability copy,No section-specific content displayed. Shared availability panel and working-feature list instead.,"Enterprise Architecture
Support multiple permitted contexts, organizational workspaces, role-aware access, contextual intelligence, and organization-level controls within one coherent operating environment.",Yes,src/pages/ContentPage.tsx
23,/enterprise,SECTION 3,981,Governance Architecture,"Define policies for people, data, AI, continuous intelligence, authorized progression, workflows, permissions, review, and organizational contexts.
Persistent Progression. Permissioned by Design. Human Controlled.",,Replaced by availability copy,No section-specific content displayed. Shared availability panel and working-feature list instead.,"Governance Architecture
Define policies for people, data, AI, continuous intelligence, authorized progression, workflows, permissions, review, and organizational contexts.
Persistent Progression. Permissioned by Design. Human Controlled.",Yes,src/pages/ContentPage.tsx
23,/enterprise,SECTION 4,985,Integration Architecture,"Connect approved systems and data sources through governed integrations with appropriate permissions, synchronization, freshness, ownership, and revocation controls.",,Replaced by availability copy,No section-specific content displayed. Shared availability panel and working-feature list instead.,"Integration Architecture
Connect approved systems and data sources through governed integrations with appropriate permissions, synchronization, freshness, ownership, and revocation controls.",Yes,src/pages/ContentPage.tsx
23,/enterprise,SECTION 5,988,Enterprise Administration,"Manage organizational membership, roles, policies, plans, integrations, workspace settings, and administrative responsibilities.",,Replaced by availability copy,No section-specific content displayed. Shared availability panel and working-feature list instead.,"Enterprise Administration
Manage organizational membership, roles, policies, plans, integrations, workspace settings, and administrative responsibilities.",Yes,src/pages/ContentPage.tsx
23,/enterprise,SECTION 6,991,Multi-Unit Deployment,"Apply common operating principles across business units while preserving appropriate organizational boundaries, local workflows, permissions, governance, and review.",,Replaced by availability copy,No section-specific content displayed. Shared availability panel and working-feature list instead.,"Multi-Unit Deployment
Apply common operating principles across business units while preserving appropriate organizational boundaries, local workflows, permissions, governance, and review.",Yes,src/pages/ContentPage.tsx
23,/enterprise,SECTION 7,994,Deployment Readiness,"Evaluate verified information on identity, access, tenant boundaries, auditability, monitoring, security, resilience, privacy, data governance, and compliance status before deployment.",,Replaced by availability copy,No section-specific content displayed. Shared availability panel and working-feature list instead.,"Deployment Readiness
Evaluate verified information on identity, access, tenant boundaries, auditability, monitoring, security, resilience, privacy, data governance, and compliance status before deployment.",Yes,src/pages/ContentPage.tsx
23,/enterprise,SECTION 8,997,Evaluate Trust & Control,"Review Security, Responsible AI, Privacy & Data, and Governance as part of the enterprise evaluation before moving into procurement or deployment planning.","Links: Security | Responsible AI | Privacy & Data | Governance
CTA: Request an Organizational Demo",Replaced by availability copy,No section-specific content displayed. Shared availability panel and working-feature list instead.,"Evaluate Trust & Control
Review Security, Responsible AI, Privacy & Data, and Governance as part of the enterprise evaluation before moving into procurement or deployment planning.",Yes,src/pages/ContentPage.tsx
24,/security,HERO,1009,Security Should Be Verifiable.,"Evaluate the controls protecting identity, authorization, data, integrations, AI-assisted actions, commercial activity, infrastructure, and operational continuity. Verified status and scope stay visible beside material claims.",CTA: Contact Security,Title retained; body replaced,Security Should Be Verifiable. — generic availability description.,"Evaluate the controls protecting identity, authorization, data, integrations, AI-assisted actions, commercial activity, infrastructure, and operational continuity. Verified status and scope stay visible beside material claims.",Yes,src/pages/ContentPage.tsx
24,/security,SECTION 2,1013,Identity & Account Protection,"Review implemented controls for authentication, phishing-resistant MFA where supported, secure recovery, session protection, step-up authentication for sensitive actions, privileged access, and automated-abuse resistance.",,Replaced by availability copy,No section-specific content displayed. Shared availability panel and working-feature list instead.,"Identity & Account Protection
Review implemented controls for authentication, phishing-resistant MFA where supported, secure recovery, session protection, step-up authentication for sensitive actions, privileged access, and automated-abuse resistance.",Yes,src/pages/ContentPage.tsx
24,/security,SECTION 3,1016,Authorization Boundaries,"Review server-side role, object-level, function-level, workspace, and tenant authorization controls designed to prevent unauthorized data access, BOLA/IDOR-style bypasses, privilege escalation, and cross-context leakage.",,Replaced by availability copy,No section-specific content displayed. Shared availability panel and working-feature list instead.,"Authorization Boundaries
Review server-side role, object-level, function-level, workspace, and tenant authorization controls designed to prevent unauthorized data access, BOLA/IDOR-style bypasses, privilege escalation, and cross-context leakage.",Yes,src/pages/ContentPage.tsx
24,/security,SECTION 4,1019,Rate Limiting & Abuse Prevention,"Review controls for brute-force attempts, credential abuse, account enumeration, bot traffic, resource exhaustion, sensitive-business-flow abuse, and rate limits appropriate to identity, APIs, workflows, verification, and high-risk actions.",,Replaced by availability copy,No section-specific content displayed. Shared availability panel and working-feature list instead.,"Rate Limiting & Abuse Prevention
Review controls for brute-force attempts, credential abuse, account enumeration, bot traffic, resource exhaustion, sensitive-business-flow abuse, and rate limits appropriate to identity, APIs, workflows, verification, and high-risk actions.",Yes,src/pages/ContentPage.tsx
24,/security,SECTION 5,1022,"Data, Files & Secrets","Review implemented encryption, key management, secrets handling, retention, backup, secure upload processing, malware scanning, archive-bomb protections, SSRF-resistant fetching, and protected-data handling.",,Replaced by availability copy,No section-specific content displayed. Shared availability panel and working-feature list instead.,"Data, Files & Secrets
Review implemented encryption, key management, secrets handling, retention, backup, secure upload processing, malware scanning, archive-bomb protections, SSRF-resistant fetching, and protected-data handling.",Yes,src/pages/ContentPage.tsx
24,/security,SECTION 6,1025,"Integrations, APIs & Webhooks","Review scoped credentials, least-privilege access, signed webhooks, timestamp validation, replay protection, idempotency, retry controls, revocation, and observable failure handling.",,Replaced by availability copy,No section-specific content displayed. Shared availability panel and working-feature list instead.,"Integrations, APIs & Webhooks
Review scoped credentials, least-privilege access, signed webhooks, timestamp validation, replay protection, idempotency, retry controls, revocation, and observable failure handling.",Yes,src/pages/ContentPage.tsx
24,/security,SECTION 7,1028,AI & Tool-Use Safety,"Review controls that constrain model and agent access to data and tools, defend against prompt-injection and tool-abuse paths, validate authorization again at execution time, and prevent an AI component from expanding its own scope or permissions.",,Replaced by availability copy,No section-specific content displayed. Shared availability panel and working-feature list instead.,"AI & Tool-Use Safety
Review controls that constrain model and agent access to data and tools, defend against prompt-injection and tool-abuse paths, validate authorization again at execution time, and prevent an AI component from expanding its own scope or permissions.",Yes,src/pages/ContentPage.tsx
24,/security,SECTION 8,1031,Commercial & Payment Boundaries,"Review approval, separation-of-duty, audit, and step-up controls around consequential commercial actions. AI-assisted verification does not independently authorize payment release by default.",,Replaced by availability copy,No section-specific content displayed. Shared availability panel and working-feature list instead.,"Commercial & Payment Boundaries
Review approval, separation-of-duty, audit, and step-up controls around consequential commercial actions. AI-assisted verification does not independently authorize payment release by default.",Yes,src/pages/ContentPage.tsx
24,/security,SECTION 9,1034,"Monitoring, Incident Response & Resilience","Review implemented logging, alerting, investigation, incident response, recovery, business-continuity, and notification processes, together with the evidence and scope that support each claim.",,Replaced by availability copy,No section-specific content displayed. Shared availability panel and working-feature list instead.,"Monitoring, Incident Response & Resilience
Review implemented logging, alerting, investigation, incident response, recovery, business-continuity, and notification processes, together with the evidence and scope that support each claim.",Yes,src/pages/ContentPage.tsx
24,/security,SECTION 10,1037,Evidence,"Testing, certifications, reports, penetration assessments, compliance statements, and reliability claims appear only when verified, current, attributable, and presented with their scope and status.",,Replaced by availability copy,No section-specific content displayed. Shared availability panel and working-feature list instead.,"Evidence
Testing, certifications, reports, penetration assessments, compliance statements, and reliability claims appear only when verified, current, attributable, and presented with their scope and status.",No,src/pages/ContentPage.tsx
24,/security,SECTION 11,1040,Security Evaluation,"Review the current control register and supporting evidence for procurement or security review. Planned, beta, limited, or unverified controls are identified by status rather than presented as production facts.",CTA: Contact Security,Replaced by availability copy,No section-specific content displayed. Shared availability panel and working-feature list instead.,"Security Evaluation
Review the current control register and supporting evidence for procurement or security review. Planned, beta, limited, or unverified controls are identified by status rather than presented as production facts.",No,src/pages/ContentPage.tsx
25,/responsible-ai,HERO,1051,AI Should Strengthen Human Judgment.,"LAMID ONE keeps intent, accountability, and consequential control with people while continuous intelligence and already-authorized work can progress over time within defined boundaries.",CTA: Read Our AI Principles,Title retained; body replaced,AI Should Strengthen Human Judgment. — generic availability description.,"LAMID ONE keeps intent, accountability, and consequential control with people while continuous intelligence and already-authorized work can progress over time within defined boundaries.",Yes,src/pages/ContentPage.tsx
25,/responsible-ai,SECTION 2,1055,Human Agency,"Context, intelligence, and authorized work may progress within permission. People retain the right to review, redirect, pause, revoke, override, and decide what happens next.",,Replaced by availability copy,No section-specific content displayed. Shared availability panel and working-feature list instead.,"Human Agency
Context, intelligence, and authorized work may progress within permission. People retain the right to review, redirect, pause, revoke, override, and decide what happens next.",Yes,src/pages/ContentPage.tsx
25,/responsible-ai,SECTION 3,1058,Explainability,"See relevant reasoning, context, assumptions, and sources where applicable.",,Replaced by availability copy,No section-specific content displayed. Shared availability panel and working-feature list instead.,"Explainability
See relevant reasoning, context, assumptions, and sources where applicable.",Yes,src/pages/ContentPage.tsx
25,/responsible-ai,SECTION 4,1061,Uncertainty,Show confidence only where the method justifies it. Avoid false precision.,,Replaced by availability copy,No section-specific content displayed. Shared availability panel and working-feature list instead.,"Uncertainty
Show confidence only where the method justifies it. Avoid false precision.",Yes,src/pages/ContentPage.tsx
25,/responsible-ai,SECTION 5,1064,Context & Privacy,"Use only information, connected sources, and progression scopes permitted for the task, workspace, or organization. No permission expands itself.",,Replaced by availability copy,No section-specific content displayed. Shared availability panel and working-feature list instead.,"Context & Privacy
Use only information, connected sources, and progression scopes permitted for the task, workspace, or organization. No permission expands itself.",Yes,src/pages/ContentPage.tsx
25,/responsible-ai,SECTION 6,1067,Memory & Continuity Control,"Review, edit, disable, or delete remembered context; control eligible progression permissions; and revoke them where available.",,Replaced by availability copy,No section-specific content displayed. Shared availability panel and working-feature list instead.,"Memory & Continuity Control
Review, edit, disable, or delete remembered context; control eligible progression permissions; and revoke them where available.",Yes,src/pages/ContentPage.tsx
25,/responsible-ai,SECTION 7,1070,Evaluation,Measure model and prompt quality instead of assuming it.,,Replaced by availability copy,No section-specific content displayed. Shared availability panel and working-feature list instead.,"Evaluation
Measure model and prompt quality instead of assuming it.",Yes,src/pages/ContentPage.tsx
25,/responsible-ai,SECTION 8,1073,No Permission Expands Itself,Permission to observe is not permission to act. Permission to analyze is not permission to approve. Permission for one workflow does not authorize another.,,Replaced by availability copy,No section-specific content displayed. Shared availability panel and working-feature list instead.,"No Permission Expands Itself
Permission to observe is not permission to act. Permission to analyze is not permission to approve. Permission for one workflow does not authorize another.",Yes,src/pages/ContentPage.tsx
25,/responsible-ai,SECTION 9,1076,Human Override,"Authorized users can review, redirect, pause, revoke, or override progression. Reversible actions should support rollback or restoration where technically possible.
SECTION 10",,Replaced by availability copy,No section-specific content displayed. Shared availability panel and working-feature list instead.,"Human Override
Authorized users can review, redirect, pause, revoke, or override progression. Reversible actions should support rollback or restoration where technically possible.
SECTION 10",Yes,src/pages/ContentPage.tsx
25,/responsible-ai,SECTION 10 / SECTION - AUTHORITY BANDS,1080,Progression Does Not Equal Unlimited Authority,"Observe & Update - permitted context ingestion, synchronization, recalculation, status refresh, pattern detection, and analysis.
Progress Within Authorization - already-approved workflow steps, scheduled processing, defined notifications, and explicitly delegated work within scope.
Consequential Commitment - financial, legal, strategic, external, permission-changing, reputational, or irreversible actions pause for human approval unless that exact authority was explicitly delegated in advance under policy.
A lower authority band never silently becomes a higher one.
Review a Consequential Recommendation
Inspect the context, reasoning, progressed activity, governing permission, uncertainty, and required approval before the recommendation becomes consequential action.
SECTION 11",,Replaced by availability copy,No section-specific content displayed. Shared availability panel and working-feature list instead.,"Progression Does Not Equal Unlimited Authority
Observe & Update - permitted context ingestion, synchronization, recalculation, status refresh, pattern detection, and analysis.
Progress Within Authorization - already-approved workflow steps, scheduled processing, defined notifications, and explicitly delegated work within scope.
Consequential Commitment - financial, legal, strategic, external, permission-changing, reputational, or irreversible actions pause for human approval unless that exact authority was explicitly delegated in advance under policy.
A lower authority band never silently becomes a higher one.
Review a Consequential Recommendation
Inspect the context, reasoning, progressed activity, governing permission, uncertainty, and required approval before the recommendation becomes consequential action.
SECTION 11",No,src/pages/ContentPage.tsx
25,/responsible-ai,SECTION 11 / SECTION - ADVERSARIAL RESILIENCE,1089,AI Safety Includes the Systems Around the Model,"Model evaluation must be paired with authorization, data-boundary checks, prompt-injection resistance, tool-use constraints, safe handling of untrusted content, auditability, and human-control points for consequential actions.
More Capable AI Requires More Deliberate Governance.
Increase evaluation, freshness checks, explanation, permission controls, override paths, auditability, and human review as persistent progression influences more consequential work.",CTA: Read Our AI Principles,Replaced by availability copy,No section-specific content displayed. Shared availability panel and working-feature list instead.,"AI Safety Includes the Systems Around the Model
Model evaluation must be paired with authorization, data-boundary checks, prompt-injection resistance, tool-use constraints, safe handling of untrusted content, auditability, and human-control points for consequential actions.
More Capable AI Requires More Deliberate Governance.
Increase evaluation, freshness checks, explanation, permission controls, override paths, auditability, and human review as persistent progression influences more consequential work.",No,src/pages/ContentPage.tsx
26,/trust/privacy,HERO,1102,Your Context Deserves Clear Boundaries.,"Understand what information LAMID ONE uses, what may progress or update over time, which permission allows it, where it belongs, and what controls apply.",CTA: View Data Controls,Title retained; body replaced,Your Context Deserves Clear Boundaries. — generic availability description.,"Understand what information LAMID ONE uses, what may progress or update over time, which permission allows it, where it belongs, and what controls apply.",Yes,src/pages/ContentPage.tsx
26,/trust/privacy,SECTION 2,1106,What Information Is Used,"Account, workspace, interaction, uploaded, connected-source, and usage information are handled according to the service and permissions that apply.",,Replaced by availability copy,No section-specific content displayed. Shared availability panel and working-feature list instead.,"What Information Is Used
Account, workspace, interaction, uploaded, connected-source, and usage information are handled according to the service and permissions that apply.",Yes,src/pages/ContentPage.tsx
26,/trust/privacy,SECTION 3,1109,Why It Is Used,"Information is used for defined purposes such as delivering the service, supporting workflows, maintaining security, and improving permitted product behavior.",,Replaced by availability copy,No section-specific content displayed. Shared availability panel and working-feature list instead.,"Why It Is Used
Information is used for defined purposes such as delivering the service, supporting workflows, maintaining security, and improving permitted product behavior.",Yes,src/pages/ContentPage.tsx
26,/trust/privacy,SECTION 4,1112,Personal and Organizational Context,"Personal, team, and organizational information is separated according to the relevant workspace, role, and permissions.",,Replaced by availability copy,No section-specific content displayed. Shared availability panel and working-feature list instead.,"Personal and Organizational Context
Personal, team, and organizational information is separated according to the relevant workspace, role, and permissions.",Yes,src/pages/ContentPage.tsx
26,/trust/privacy,SECTION 5,1115,Memory,"Where memory is available, understand what may be retained and the controls available to review, correct, disable, or delete it.",,Replaced by availability copy,No section-specific content displayed. Shared availability panel and working-feature list instead.,"Memory
Where memory is available, understand what may be retained and the controls available to review, correct, disable, or delete it.",Yes,src/pages/ContentPage.tsx
26,/trust/privacy,SECTION 6,1118,"Retention, Export, and Deletion","See the retention rules, export routes, deletion processes, and applicable exceptions for the service you use.",,Replaced by availability copy,No section-specific content displayed. Shared availability panel and working-feature list instead.,"Retention, Export, and Deletion
See the retention rules, export routes, deletion processes, and applicable exceptions for the service you use.",Yes,src/pages/ContentPage.tsx
26,/trust/privacy,SECTION 7,1121,AI Data Use,"Understand how permitted information may be used for inference, evaluation, support, service improvement, background context updates, or authorized progression where applicable.",,Replaced by availability copy,No section-specific content displayed. Shared availability panel and working-feature list instead.,"AI Data Use
Understand how permitted information may be used for inference, evaluation, support, service improvement, background context updates, or authorized progression where applicable.",Yes,src/pages/ContentPage.tsx
26,/trust/privacy,SECTION 8,1124,Review Your Data Footprint,"See what information is available, where it came from, what it supports, and which controls you can use.",CTA: View Data Controls,Replaced by availability copy,No section-specific content displayed. Shared availability panel and working-feature list instead.,"Review Your Data Footprint
See what information is available, where it came from, what it supports, and which controls you can use.",Yes,src/pages/ContentPage.tsx
27,/trust/governance,HERO,1135,Capability Needs Accountability.,"As LAMID ONE becomes more capable and more continuous, governance must make progression, permission, authority, override, and accountability clearer - without making everyday use harder to understand.",CTA: Explore Enterprise Platform & Deployment,Title retained; body replaced,Capability Needs Accountability. — generic availability description.,"As LAMID ONE becomes more capable and more continuous, governance must make progression, permission, authority, override, and accountability clearer - without making everyday use harder to understand.",Yes,src/pages/ContentPage.tsx
27,/trust/governance,SECTION 2,1139,Experience Governance,"Keep clarity, progressive disclosure, guidance, pacing, and audience coherence consistent as the experience adapts.",,Replaced by availability copy,No section-specific content displayed. Shared availability panel and working-feature list instead.,"Experience Governance
Keep clarity, progressive disclosure, guidance, pacing, and audience coherence consistent as the experience adapts.",Yes,src/pages/ContentPage.tsx
27,/trust/governance,SECTION 3,1142,Product Governance,"Define capability boundaries, eligibility, the conditions under which deeper functionality becomes available, what may progress without active interaction, and how users can stop or redirect it.",,Replaced by availability copy,No section-specific content displayed. Shared availability panel and working-feature list instead.,"Product Governance
Define capability boundaries, eligibility, the conditions under which deeper functionality becomes available, what may progress without active interaction, and how users can stop or redirect it.",Yes,src/pages/ContentPage.tsx
27,/trust/governance,SECTION 4,1145,Organizational Governance,"Control roles, permissions, delegation, workflows, approvals, override rights, revocation, and accountability inside organizations.",,Replaced by availability copy,No section-specific content displayed. Shared availability panel and working-feature list instead.,"Organizational Governance
Control roles, permissions, delegation, workflows, approvals, override rights, revocation, and accountability inside organizations.",Yes,src/pages/ContentPage.tsx
27,/trust/governance,SECTION 5,1148,Platform Governance,"Govern APIs, schemas, releases, security, performance, reliability, and documentation as the platform evolves.",,Replaced by availability copy,No section-specific content displayed. Shared availability panel and working-feature list instead.,"Platform Governance
Govern APIs, schemas, releases, security, performance, reliability, and documentation as the platform evolves.",Yes,src/pages/ContentPage.tsx
27,/trust/governance,SECTION 6,1151,AI Governance,"Control model use, prompts, data access, background updating, authorized progression, recommendations, evaluation, guardrails, uncertainty, human override, and approval.",,Replaced by availability copy,No section-specific content displayed. Shared availability panel and working-feature list instead.,"AI Governance
Control model use, prompts, data access, background updating, authorized progression, recommendations, evaluation, guardrails, uncertainty, human override, and approval.",Yes,src/pages/ContentPage.tsx
27,/trust/governance,SECTION 7,1154,Continuous Intelligence Governance,"Define which sources and workflows may progress in the background, how permission, freshness, provenance, and prior state are shown, when users are notified, what can be overridden or reversed, what requires approval, and how material progression is audited.",,Replaced by availability copy,No section-specific content displayed. Shared availability panel and working-feature list instead.,"Continuous Intelligence Governance
Define which sources and workflows may progress in the background, how permission, freshness, provenance, and prior state are shown, when users are notified, what can be overridden or reversed, what requires approval, and how material progression is audited.",Yes,src/pages/ContentPage.tsx
27,/trust/governance,SECTION 8,1157,Persistent Progression Governance,"All progression must be permissioned, scoped, revocable, traceable, interruptible, and non-expanding. The system must record what progressed, under which permission, and what state resulted.
No permission expands itself. Permission to observe does not become permission to act; permission to analyze does not become permission to approve; and authority over one workflow does not silently spread to another.",,Replaced by availability copy,No section-specific content displayed. Shared availability panel and working-feature list instead.,"Persistent Progression Governance
All progression must be permissioned, scoped, revocable, traceable, interruptible, and non-expanding. The system must record what progressed, under which permission, and what state resulted.
No permission expands itself. Permission to observe does not become permission to act; permission to analyze does not become permission to approve; and authority over one workflow does not silently spread to another.",Yes,src/pages/ContentPage.tsx
27,/trust/governance,SECTION 9,1161,Override & Reversal,"Authorized humans can redirect, pause, revoke, or override progression. Where technically possible, reversible changes should support rollback; irreversible or materially consequential actions require appropriate approval or explicit prior delegation.",,Replaced by availability copy,No section-specific content displayed. Shared availability panel and working-feature list instead.,"Override & Reversal
Authorized humans can redirect, pause, revoke, or override progression. Where technically possible, reversible changes should support rollback; irreversible or materially consequential actions require appropriate approval or explicit prior delegation.",Yes,src/pages/ContentPage.tsx
27,/trust/governance,SECTION 10,1164,Govern a Consequential Workflow,"Apply role permissions, data boundaries, AI policy, delegation limits, human approval, override rights, workflow controls, and audit requirements before consequential execution.",,Replaced by availability copy,No section-specific content displayed. Shared availability panel and working-feature list instead.,"Govern a Consequential Workflow
Apply role permissions, data boundaries, AI policy, delegation limits, human approval, override rights, workflow controls, and audit requirements before consequential execution.",No,src/pages/ContentPage.tsx
27,/trust/governance,SECTION 11,1167,Connected Governance. Clear Responsibilities.,"Keep experience, product, organizational, platform, and AI governance coordinated while preserving clear responsibilities.",CTA: Explore Enterprise Platform & Deployment,Replaced by availability copy,No section-specific content displayed. Shared availability panel and working-feature list instead.,"Connected Governance. Clear Responsibilities.
Keep experience, product, organizational, platform, and AI governance coordinated while preserving clear responsibilities.",No,src/pages/ContentPage.tsx
28,/pricing,HERO,1178,Start With the Depth You Need.,"Use the same operating system at the level that fits your current context. Expand as your work, team, or organization grows.",CTA: View Plan Details | Talk to Our Team,Replaced by availability copy,Start with what you need. — generic availability description.,"Start With the Depth You Need.
Use the same operating system at the level that fits your current context. Expand as your work, team, or organization grows.",Yes,src/pages/ContentPage.tsx
28,/pricing,SECTION 2,1182,Personal,"Start with the core individual experience for clarity, capability, rhythm, and progress.",,Replaced by availability copy,No section-specific content displayed. Shared availability panel and working-feature list instead.,"Personal
Start with the core individual experience for clarity, capability, rhythm, and progress.",Yes,src/pages/ContentPage.tsx
28,/pricing,SECTION 3,1185,Professional,"Add deeper professional context, history, guidance, opportunity, and execution support.",,Replaced by availability copy,No section-specific content displayed. Shared availability panel and working-feature list instead.,"Professional
Add deeper professional context, history, guidance, opportunity, and execution support.",Yes,src/pages/ContentPage.tsx
28,/pricing,SECTION 4,1188,Team,"Add shared priorities, collaboration, team rhythm, capability, and coordinated execution.",,Replaced by availability copy,No section-specific content displayed. Shared availability panel and working-feature list instead.,"Team
Add shared priorities, collaboration, team rhythm, capability, and coordinated execution.",Yes,src/pages/ContentPage.tsx
28,/pricing,SECTION 5,1191,Business,"Add deeper operational, financial, people, opportunity, and workflow intelligence.",,Replaced by availability copy,No section-specific content displayed. Shared availability panel and working-feature list instead.,"Business
Add deeper operational, financial, people, opportunity, and workflow intelligence.",Yes,src/pages/ContentPage.tsx
28,/pricing,SECTION 6,1194,Enterprise & Institution,"Add organizational governance, analytics, administration, integrations, security requirements, and scale.",,Replaced by availability copy,No section-specific content displayed. Shared availability panel and working-feature list instead.,"Enterprise & Institution
Add organizational governance, analytics, administration, integrations, security requirements, and scale.",Yes,src/pages/ContentPage.tsx
28,/pricing,SECTION 7,1197,Grow Without Replatforming,"Start with the context you need now and expand depth, collaboration, control, and governance as requirements increase.",,Replaced by availability copy,No section-specific content displayed. Shared availability panel and working-feature list instead.,"Grow Without Replatforming
Start with the context you need now and expand depth, collaboration, control, and governance as requirements increase.",Yes,src/pages/ContentPage.tsx
28,/pricing,SECTION 8,1200,Expand the OS - Not a Collection of Separate Products.,"Pricing follows access, depth, collaboration, control, and scale inside the same LAMID ONE experience.",CTA: View Plan Details,Replaced by availability copy,No section-specific content displayed. Shared availability panel and working-feature list instead.,"Expand the OS - Not a Collection of Separate Products.
Pricing follows access, depth, collaboration, control, and scale inside the same LAMID ONE experience.",Yes,src/pages/ContentPage.tsx
29,/enterprise/contact,HERO,1210,Tell Us About Your Environment.,"Share the priorities, systems, scale, and governance requirements shaping your evaluation.",CTA: Request a Conversation,Verbatim extract,"Tell Us About Your Environment. | Share the priorities, systems, scale, and governance requirements shaping your evaluation.",,Yes,src/pages/ContentPage.tsx
29,/enterprise/contact,SECTION 2,1214,Your Organization,"Organization
Sector
Team or user scale
Regions",,Partial extract,Your Organization | Organization | Sector | Team or user scale,Regions,Yes,src/pages/ContentPage.tsx
29,/enterprise/contact,SECTION 3,1220,Your Objective,"Primary outcome
Current operating challenge
Capabilities in scope
Timeline",,Partial extract,Your Objective | Primary outcome | Current operating challenge | Capabilities in scope,Timeline,Yes,src/pages/ContentPage.tsx
29,/enterprise/contact,SECTION 4,1226,Your Environment,"Current systems
Integration needs
Security or governance requirements
Deployment considerations",,Partial extract,Your Environment | Current systems | Integration needs | Security or governance requirements,Deployment considerations,Yes,src/pages/ContentPage.tsx
29,/enterprise/contact,SECTION 5,1232,Next Step,"Choose a product conversation, technical review, or organizational demo.",CTA: Request a Conversation,Verbatim extract,"Next Step | Choose a product conversation, technical review, or organizational demo.",,Yes,src/pages/ContentPage.tsx
30,/demo,HERO,1242,See How LAMID ONE Adapts.,"Explore how the same Human-AI Growth OS adapts across individual, business, team, and organizational contexts while carrying relevant change forward over time.",CTA: Start the Demo  |  Request an Organizational Demo,Verbatim extract,"See How LAMID ONE Adapts. | Explore how the same Human-AI Growth OS adapts across individual, business, team, and organizational contexts while carrying relevant change forward over time.",,Yes,src/pages/ContentPage.tsx
30,/demo,SECTION 2,1246,Choose a Context,"Individual
Professional
Creator
Founder
Team
SME
Enterprise
Institution",,Partial extract,Choose a Context | Individual | Professional | Creator,"Founder
Team
SME
Enterprise
Institution",Yes,src/pages/ContentPage.tsx
30,/demo,SECTION 3,1256,See the Core Operating Cycle,"Clarity
Capability
Consistency
Outcome: Growth",,Partial extract,See the Core Operating Cycle | Clarity | Consistency | Outcome: Growth,Capability,Yes,src/pages/ContentPage.tsx
30,/demo,SECTION 4,1262,Meet the Companion,"See how objective, current context, and relevant changes since the previous state shape what appears next.",,Verbatim extract,"Meet the Companion | See how objective, current context, and relevant changes since the previous state shape what appears next.",,Yes,src/pages/ContentPage.tsx
30,/demo,SECTION 5,1265,Go Deeper,"Reveal financial, diagnostic, people, opportunity, workflow, or organizational intelligence only when the scenario requires it.",,Verbatim extract,"Go Deeper | Reveal financial, diagnostic, people, opportunity, workflow, or organizational intelligence only when the scenario requires it.",,Yes,src/pages/ContentPage.tsx
30,/demo,SECTION 6,1268,Plan a Team Expansion,"Watch the OS connect the objective to financial, people, opportunity, and workflow context, then show how the decision frame updates as those inputs change.",,Verbatim extract,"Plan a Team Expansion | Watch the OS connect the objective to financial, people, opportunity, and workflow context, then show how the decision frame updates as those inputs change.",,Yes,src/pages/ContentPage.tsx
30,/demo,SECTION 7,1271,One Demo. Different Relevant Depth.,"Use the same product journey to show how personal, professional, business, team, enterprise, and institutional contexts reveal different depth while the operating context remains continuous.",CTA: Start the Demo,Verbatim extract,"One Demo. Different Relevant Depth. | Use the same product journey to show how personal, professional, business, team, enterprise, and institutional contexts reveal different depth while the operating context remains continuous.",,Yes,src/pages/ContentPage.tsx
31,/demo/request,HERO,1281,Explore LAMID ONE in Your Organizational Context.,"Tell us what you are trying to improve, decide, or coordinate. We will shape the demo around those priorities.",CTA: Request Your Demo,Verbatim extract,"Explore LAMID ONE in Your Organizational Context. | Tell us what you are trying to improve, decide, or coordinate. We will shape the demo around those priorities.",,Yes,src/pages/ContentPage.tsx
31,/demo/request,SECTION 2,1285,What Are You Working Toward?,"Decision quality
Execution
Team capability
Financial clarity
Organizational alignment
Governance
Other",,Partial extract,What Are You Working Toward? | Decision quality | Execution | Team capability,"Financial clarity
Organizational alignment
Governance
Other",Yes,src/pages/ContentPage.tsx
31,/demo/request,SECTION 3,1294,What Should We Understand?,"Organization size
Teams involved
Systems involved
Current process
Required controls",,Partial extract,What Should We Understand? | Organization size | Teams involved | Systems involved,"Current process
Required controls",Yes,src/pages/ContentPage.tsx
31,/demo/request,SECTION 4,1301,Choose the Conversation,"Product walkthrough, technical architecture, governance review, or tailored solution demonstration.",CTA: Request Your Demo,Verbatim extract,"Choose the Conversation | Product walkthrough, technical architecture, governance review, or tailored solution demonstration.",,Yes,src/pages/ContentPage.tsx
32,/start,HERO,1311,Start With Your Context.,Choose where you are starting. You can expand into additional contexts later without restarting the operating history you have already built.,CTA: Continue,Custom UI; no one-to-one slide,Start with your context. — Two-step context selection and account creation. First-objective selection from the document is not part of this flow.,"Start With Your Context.
Choose where you are starting. You can expand into additional contexts later without restarting the operating history you have already built.",Yes,src/pages/Auth.tsx
32,/start,SECTION 2,1315,Choose Your Starting Context,"For myself
Professional work
Creative work
A business I am building
My team
An SME
An enterprise
An institution",,Custom UI; no one-to-one slide,Two-step context selection and account creation. First-objective selection from the document is not part of this flow.,"Choose Your Starting Context
For myself
Professional work
Creative work
A business I am building
My team
An SME
An enterprise
An institution",Yes,src/pages/Auth.tsx
32,/start,SECTION 3,1325,Choose Your First Objective,"Get clear
Build capability
Improve execution
Make a decision
Explore an opportunity
Align a team",,Custom UI; no one-to-one slide,Two-step context selection and account creation. First-objective selection from the document is not part of this flow.,"Choose Your First Objective
Get clear
Build capability
Improve execution
Make a decision
Explore an opportunity
Align a team",Yes,src/pages/Auth.tsx
32,/start,SECTION 4,1333,Start Before You Configure Everything.,LAMID ONE refines the experience as your context develops and permitted information changes over time.,CTA: Continue,Custom UI; no one-to-one slide,Two-step context selection and account creation. First-objective selection from the document is not part of this flow.,"Start Before You Configure Everything.
LAMID ONE refines the experience as your context develops and permitted information changes over time.",Yes,src/pages/Auth.tsx
33,/resources,HERO,1343,Useful Thinking for Better Decisions and Better Work.,"Explore practical insights, guides, research, and evidence around Human-AI collaboration, capability, execution, and organizations.",CTA: Explore Resources,Verbatim extract,"Useful Thinking for Better Decisions and Better Work. | Explore practical insights, guides, research, and evidence around Human-AI collaboration, capability, execution, and organizations.",,Yes,src/pages/ContentPage.tsx
33,/resources,SECTION 2,1347,Insights,Ideas and analysis worth applying.,,Verbatim extract,Insights | Ideas and analysis worth applying.,,Yes,src/pages/ContentPage.tsx
33,/resources,SECTION 3,1350,Guides,Practical frameworks and playbooks.,,Verbatim extract,Guides | Practical frameworks and playbooks.,,Yes,src/pages/ContentPage.tsx
33,/resources,SECTION 4,1353,Case Studies,"Verified examples, outcomes, and lessons.",,Verbatim extract,"Case Studies | Verified examples, outcomes, and lessons.",,Yes,src/pages/ContentPage.tsx
33,/resources,SECTION 5,1356,Research,Published research and evidence informing the product and the category.,,Verbatim extract,Research | Published research and evidence informing the product and the category.,,Yes,src/pages/ContentPage.tsx
33,/resources,SECTION 6,1359,Help,Product and account guidance.,,Verbatim extract,Help | Product and account guidance.,,Yes,src/pages/ContentPage.tsx
33,/resources,SECTION 7,1362,Developers,Technical documentation and integration resources.,,Verbatim extract,Developers | Technical documentation and integration resources.,,Yes,src/pages/ContentPage.tsx
33,/resources,SECTION 8,1365,Improve Decision Quality,"Start with an insight, use a practical guide, review a relevant case study, and move into the product when you are ready.",CTA: Explore Resources,Verbatim extract,"Improve Decision Quality | Start with an insight, use a practical guide, review a relevant case study, and move into the product when you are ready.",,Yes,src/pages/ContentPage.tsx
34,/insights,HERO,1375,Ideas Worth Applying.,"Perspectives on Human-AI collaboration, decision-making, capability, execution, growth, and modern organizations.",CTA: Browse Insights,Verbatim extract,"Ideas Worth Applying. | Perspectives on Human-AI collaboration, decision-making, capability, execution, growth, and modern organizations.",,Yes,src/pages/ContentPage.tsx
34,/insights,SECTION 2,1379,Topics,"Human-AI
Clarity
Capability
Execution
Growth
Organizations
Responsible AI",,Partial extract,Topics | Human-AI | Clarity | Execution,"Capability
Growth
Organizations
Responsible AI",Yes,src/pages/ContentPage.tsx
34,/insights,SECTION 3,1388,Useful by Design,"Each insight is built around a useful idea, framework, body of evidence, or practical application.",,Verbatim extract,"Useful by Design | Each insight is built around a useful idea, framework, body of evidence, or practical application.",,Yes,src/pages/ContentPage.tsx
34,/insights,SECTION 4,1391,Outcome Collections,"Explore articles grouped around outcomes such as improving decision quality, strengthening team capability, or building an operating rhythm.",CTA: Browse Insights,Verbatim extract,"Outcome Collections | Explore articles grouped around outcomes such as improving decision quality, strengthening team capability, or building an operating rhythm.",,Yes,src/pages/ContentPage.tsx
35,/guides,HERO,1401,Practical Guidance for Real Work.,"Use frameworks, playbooks, and structured approaches for decisions, capability, teams, and execution.",CTA: Browse Guides,Verbatim extract,"Practical Guidance for Real Work. | Use frameworks, playbooks, and structured approaches for decisions, capability, teams, and execution.",,Yes,src/pages/ContentPage.tsx
35,/guides,SECTION 2,1405,Guide Formats,"Decision frameworks
Capability maps
Review templates
Workflow playbooks
Scenario worksheets
Governance checklists",,Partial extract,Guide Formats | Decision frameworks | Review templates | Workflow playbooks,"Capability maps
Scenario worksheets
Governance checklists",Yes,src/pages/ContentPage.tsx
35,/guides,SECTION 3,1413,Run a Better Weekly Review,"Use a weekly review guide to inspect movement, blockers, capability needs, and next priorities.",,Verbatim extract,"Run a Better Weekly Review | Use a weekly review guide to inspect movement, blockers, capability needs, and next priorities.",,Yes,src/pages/ContentPage.tsx
35,/guides,SECTION 4,1416,Put the Guide to Work.,Each guide connects the framework to a practical application or next step.,CTA: Browse Guides,Verbatim extract,Put the Guide to Work. | Each guide connects the framework to a practical application or next step.,,Yes,src/pages/ContentPage.tsx
36,/case-studies,HERO,1427,"Evidence, Not Claims.","Explore published case studies with verified context, outcomes, and lessons.",CTA: Browse Case Studies,Title retained; body replaced,"Evidence, Not Claims. — generic availability description.","Explore published case studies with verified context, outcomes, and lessons.",Yes,src/pages/ContentPage.tsx
36,/case-studies,SECTION 2,1431,What Each Case Study Shows,"Context
Objective
Starting point
Approach
Capabilities used
Human decisions
Measured outcome
Lessons",,Replaced by availability copy,No section-specific content displayed. Shared availability panel and working-feature list instead.,"What Each Case Study Shows
Context
Objective
Starting point
Approach
Capabilities used
Human decisions
Measured outcome
Lessons",Yes,src/pages/ContentPage.tsx
36,/case-studies,SECTION 3,1441,Evidence by Outcome,"Explore case studies by outcome - for example, stronger delivery, clearer financial decisions, better team alignment, or faster decision cycles.",,Replaced by availability copy,No section-specific content displayed. Shared availability panel and working-feature list instead.,"Evidence by Outcome
Explore case studies by outcome - for example, stronger delivery, clearer financial decisions, better team alignment, or faster decision cycles.",Yes,src/pages/ContentPage.tsx
36,/case-studies,SECTION 4,1444,Verified Evidence,"Outcomes, quotes, logos, and metrics appear only where they are supported by evidence and approved for publication.",,Replaced by availability copy,No section-specific content displayed. Shared availability panel and working-feature list instead.,"Verified Evidence
Outcomes, quotes, logos, and metrics appear only where they are supported by evidence and approved for publication.",Yes,src/pages/ContentPage.tsx
36,/case-studies,SECTION 5,1447,From Evidence to Action,"See what worked, what did not, and what other teams can learn.",CTA: Browse Case Studies,Replaced by availability copy,No section-specific content displayed. Shared availability panel and working-feature list instead.,"From Evidence to Action
See what worked, what did not, and what other teams can learn.",Yes,src/pages/ContentPage.tsx
37,/research,HERO,1458,Understanding How Humans and AI Work Better Together.,"Explore published research and evidence informing LAMID ONE's approach to decision support, capability, organizations, and responsible AI.",CTA: Explore Research,Title retained; body replaced,Understanding How Humans and AI Work Better Together. — generic availability description.,"Explore published research and evidence informing LAMID ONE's approach to decision support, capability, organizations, and responsible AI.",Yes,src/pages/ContentPage.tsx
37,/research,SECTION 2,1462,Research Areas,"Human-AI decision support
Capability development
Operating rhythms
Organizational coherence
AI explainability
AI evaluation
Responsible automation",,Replaced by availability copy,No section-specific content displayed. Shared availability panel and working-feature list instead.,"Research Areas
Human-AI decision support
Capability development
Operating rhythms
Organizational coherence
AI explainability
AI evaluation
Responsible automation",Yes,src/pages/ContentPage.tsx
37,/research,SECTION 3,1471,Method Before Message,"Review the methods, samples, assumptions, limitations, and sources behind published research.",,Replaced by availability copy,No section-specific content displayed. Shared availability panel and working-feature list instead.,"Method Before Message
Review the methods, samples, assumptions, limitations, and sources behind published research.",Yes,src/pages/ContentPage.tsx
37,/research,SECTION 4,1474,From Research to Practice,"See how research findings connect to practical design and operating implications, with limitations and causality kept explicit.",CTA: Explore Research,Replaced by availability copy,No section-specific content displayed. Shared availability panel and working-feature list instead.,"From Research to Practice
See how research findings connect to practical design and operating implications, with limitations and causality kept explicit.",Yes,src/pages/ContentPage.tsx
38,/help,HERO,1484,Find What You Need.,"Get started, understand the product, manage your account, or resolve an issue.",CTA: Search Help,Verbatim extract,"Find What You Need. | Get started, understand the product, manage your account, or resolve an issue.",,Yes,src/pages/ContentPage.tsx
38,/help,SECTION 2,1488,Browse by Need,"Getting Started
Companion
Clarity / Capability / Consistency
Rhythm
Workflows
Organizations
Account
Billing
Privacy
Integrations",,Partial extract,Browse by Need | Getting Started | Companion | Clarity / Capability / Consistency,"Rhythm
Workflows
Organizations
Account
Billing
Privacy
Integrations",Yes,src/pages/ContentPage.tsx
38,/help,SECTION 3,1500,Get Unblocked Quickly,"Search by what you are trying to do, not by internal feature names.",CTA: Search Help,Verbatim extract,"Get Unblocked Quickly | Search by what you are trying to do, not by internal feature names.",,Yes,src/pages/ContentPage.tsx
39,/help/getting-started,HERO,1510,Start Simple.,"Set your context, begin your first Clarity session, use the Companion, and establish an operating rhythm that can carry relevant change forward over time.",CTA: Start the Guide,Verbatim extract,"Start Simple. | Set your context, begin your first Clarity session, use the Companion, and establish an operating rhythm that can carry relevant change forward over time.",,Yes,src/pages/ContentPage.tsx
39,/help/getting-started,SECTION 2,1514,1. Choose Your Context,Start with the context that matches your work today.,,Verbatim extract,1. Choose Your Context | Start with the context that matches your work today.,,Yes,src/pages/ContentPage.tsx
39,/help/getting-started,SECTION 3,1517,2. Set an Objective,"Choose the decision, challenge, opportunity, or priority you want to work through.",,Verbatim extract,"2. Set an Objective | Choose the decision, challenge, opportunity, or priority you want to work through.",,Yes,src/pages/ContentPage.tsx
39,/help/getting-started,SECTION 4,1520,3. Use the Core Operating Cycle,"Move through Clarity, Capability, and Consistency. Growth is the outcome over time.",,Verbatim extract,"3. Use the Core Operating Cycle | Move through Clarity, Capability, and Consistency. Growth is the outcome over time.",,Yes,src/pages/ContentPage.tsx
39,/help/getting-started,SECTION 5,1523,4. Review Progress,Return through daily and weekly rhythm to see what changed and continue without rebuilding context each time.,,Verbatim extract,4. Review Progress | Return through daily and weekly rhythm to see what changed and continue without rebuilding context each time.,,Yes,src/pages/ContentPage.tsx
39,/help/getting-started,SECTION 6,1526,Complete Your First Decision Cycle,Start with one real decision and finish with a clear next action.,CTA: Start the Guide,Verbatim extract,Complete Your First Decision Cycle | Start with one real decision and finish with a clear next action.,,Yes,src/pages/ContentPage.tsx
40,/help/product,HERO,1536,Understand the Human-AI Growth OS as You Need It.,"Browse guidance by what you are trying to accomplish, with deeper and continuous context revealed only when it is relevant.",CTA: Browse Product Guides,Verbatim extract,"Understand the Human-AI Growth OS as You Need It. | Browse guidance by what you are trying to accomplish, with deeper and continuous context revealed only when it is relevant.",,Yes,src/pages/ContentPage.tsx
40,/help/product,SECTION 2,1540,Core Experience,"Companion
Clarity
Capability
Consistency
Progress
Rhythm",,Partial extract,Core Experience | Companion | Clarity | Consistency,"Capability
Progress
Rhythm",Yes,src/pages/ContentPage.tsx
40,/help/product,SECTION 3,1548,Deeper Capability,"Business
Finance
People
Opportunities
Workflows
Organization
Governance",,Partial extract,Deeper Capability | Business | Finance | People,"Opportunities
Workflows
Organization
Governance",Yes,src/pages/ContentPage.tsx
40,/help/product,SECTION 4,1557,Outcome Collections,"Use guided paths such as 'plan a hiring decision', 'create a weekly team rhythm', or 'build an approval workflow'.",CTA: Browse Product Guides,Verbatim extract,"Outcome Collections | Use guided paths such as 'plan a hiring decision', 'create a weekly team rhythm', or 'build an approval workflow'.",,Yes,src/pages/ContentPage.tsx
41,/help/account,HERO,1567,Manage Your Account and Plan.,"Get help with identity, workspaces, membership, plans, billing, usage, and account controls.",CTA: Browse Account Help,Verbatim extract,"Manage Your Account and Plan. | Get help with identity, workspaces, membership, plans, billing, usage, and account controls.",,Yes,src/pages/ContentPage.tsx
41,/help/account,SECTION 2,1571,Account,"Sign in
Recovery
Profile
Security",,Partial extract,Account | Sign in | Recovery | Profile,Security,Yes,src/pages/ContentPage.tsx
41,/help/account,SECTION 3,1577,Workspaces,"Create or join
Switch context
Members
Roles",,Partial extract,Workspaces | Create or join | Switch context | Members,Roles,Yes,src/pages/ContentPage.tsx
41,/help/account,SECTION 4,1583,Plans & Billing,"Plan
Usage
Invoices
Payment methods
Changes",,Partial extract,Plans & Billing | Plan | Usage | Invoices,"Payment methods
Changes",Yes,src/pages/ContentPage.tsx
41,/help/account,SECTION 5,1590,Resolve an Access Issue,"Identify whether the issue belongs to identity, workspace membership, permissions, or plan entitlement, then follow the relevant path.",CTA: Browse Account Help,Verbatim extract,"Resolve an Access Issue | Identify whether the issue belongs to identity, workspace membership, permissions, or plan entitlement, then follow the relevant path.",,Yes,src/pages/ContentPage.tsx
42,/support,HERO,1600,How Can We Help?,Tell us what you are trying to resolve and we will route the request to the right support path.,CTA: Contact Support,Verbatim extract,How Can We Help? | Tell us what you are trying to resolve and we will route the request to the right support path.,,Yes,src/pages/ContentPage.tsx
42,/support,SECTION 2,1604,Choose a Topic,"Product use
Account access
Billing
Data or privacy
Organization administration
Integration
Security
Other",,Partial extract,Choose a Topic | Product use | Account access | Billing,"Data or privacy
Organization administration
Integration
Security
Other",Yes,src/pages/ContentPage.tsx
42,/support,SECTION 3,1614,Describe the Outcome,"Tell us what you expected, what happened, and what you need to achieve.",,Verbatim extract,"Describe the Outcome | Tell us what you expected, what happened, and what you need to achieve.",,Yes,src/pages/ContentPage.tsx
42,/support,SECTION 4,1617,Share Useful Context,"Add workspace, browser/app, steps, timestamps, and screenshots where relevant. Never include passwords or secrets.",,Verbatim extract,"Share Useful Context | Add workspace, browser/app, steps, timestamps, and screenshots where relevant. Never include passwords or secrets.",,Yes,src/pages/ContentPage.tsx
42,/support,SECTION 5,1620,Submit,Send the issue with enough context for support to route it correctly and respond efficiently.,CTA: Contact Support,Verbatim extract,Submit | Send the issue with enough context for support to route it correctly and respond efficiently.,,Yes,src/pages/ContentPage.tsx
43,/developers,HERO,1631,Extend LAMID ONE Without Fragmenting It.,Build integrations and approved extensions around the same operating architecture used throughout LAMID ONE.,CTA: Read the Developer Docs,Title retained; body replaced,Extend LAMID ONE Without Fragmenting It. — generic availability description.,Build integrations and approved extensions around the same operating architecture used throughout LAMID ONE.,Yes,src/pages/ContentPage.tsx
43,/developers,SECTION 2,1635,APIs,Use versioned interfaces for supported platform capabilities.,,Replaced by availability copy,No section-specific content displayed. Shared availability panel and working-feature list instead.,"APIs
Use versioned interfaces for supported platform capabilities.",Yes,src/pages/ContentPage.tsx
43,/developers,SECTION 3,1638,SDKs,Build with supported client libraries and documented capability boundaries.,,Replaced by availability copy,No section-specific content displayed. Shared availability panel and working-feature list instead.,"SDKs
Build with supported client libraries and documented capability boundaries.",Yes,src/pages/ContentPage.tsx
43,/developers,SECTION 4,1641,Events & Webhooks,Respond to permitted platform activity through stable event interfaces.,,Replaced by availability copy,No section-specific content displayed. Shared availability panel and working-feature list instead.,"Events & Webhooks
Respond to permitted platform activity through stable event interfaces.",Yes,src/pages/ContentPage.tsx
43,/developers,SECTION 5,1644,Authentication & Permissions,Use scoped credentials and documented authorization rules.,,Replaced by availability copy,No section-specific content displayed. Shared availability panel and working-feature list instead.,"Authentication & Permissions
Use scoped credentials and documented authorization rules.",Yes,src/pages/ContentPage.tsx
43,/developers,SECTION 6,1647,Partner and Industry Extensions,"Build approved partner integrations, industry extensions, and custom intelligence through governed interfaces without fragmenting the core experience.
SECTION 7",,Replaced by availability copy,No section-specific content displayed. Shared availability panel and working-feature list instead.,"Partner and Industry Extensions
Build approved partner integrations, industry extensions, and custom intelligence through governed interfaces without fragmenting the core experience.
SECTION 7",Yes,src/pages/ContentPage.tsx
43,/developers,SECTION 7 / SECTION - SECURE EXTENSION BOUNDARIES,1651,Extend the Platform Without Extending Authority,"Use least-privilege scopes, server-side authorization, input and output validation, secret isolation, rate limits, safe retry behavior, audit events, and explicit approval boundaries. Integrations and extensions must not inherit broader data, tool, or execution authority than the caller has been granted.
One Platform. Stable Extension Boundaries.
Extend the OS through documented interfaces while keeping internal architecture out of ordinary-user navigation.",CTA: Read the Developer Docs,Replaced by availability copy,No section-specific content displayed. Shared availability panel and working-feature list instead.,"Extend the Platform Without Extending Authority
Use least-privilege scopes, server-side authorization, input and output validation, secret isolation, rate limits, safe retry behavior, audit events, and explicit approval boundaries. Integrations and extensions must not inherit broader data, tool, or execution authority than the caller has been granted.
One Platform. Stable Extension Boundaries.
Extend the OS through documented interfaces while keeping internal architecture out of ordinary-user navigation.",Yes,src/pages/ContentPage.tsx
44,/developers/api,HERO,1664,Build Against Stable Interfaces.,"Use documented APIs with clear authentication, schemas, permissions, errors, and versioning.",CTA: View API Reference,Title retained; body replaced,Build Against Stable Interfaces. — generic availability description.,"Use documented APIs with clear authentication, schemas, permissions, errors, and versioning.",Yes,src/pages/ContentPage.tsx
44,/developers/api,SECTION 2,1668,API Principles,"Versioned endpoints
Explicit schemas
Scoped authorization
Documented errors
Rate limits
Idempotency where required
Deprecation policy",,Replaced by availability copy,No section-specific content displayed. Shared availability panel and working-feature list instead.,"API Principles
Versioned endpoints
Explicit schemas
Scoped authorization
Documented errors
Rate limits
Idempotency where required
Deprecation policy",Yes,src/pages/ContentPage.tsx
44,/developers/api,SECTION 3,1677,Core Domains,"Workflows
AI orchestration
Organization rhythm
Events
Integrations
Authorized data access
SECTION 4",,Replaced by availability copy,No section-specific content displayed. Shared availability panel and working-feature list instead.,"Core Domains
Workflows
AI orchestration
Organization rhythm
Events
Integrations
Authorized data access
SECTION 4",Yes,src/pages/ContentPage.tsx
44,/developers/api,SECTION 4 / SECTION - SECURITY CONTRACT,1686,Authorization Is Part of the API Contract,"Enforce role, object-level, function-level, workspace, and tenant authorization on the server.
Use scoped credentials, short-lived tokens where appropriate, secure secret storage, and explicit revocation.
Protect sensitive endpoints with rate limits, idempotency, replay-safe behavior, and step-up controls where consequence requires it.
Return safe, documented errors without exposing sensitive account, authorization, or infrastructure details.
Create and Execute a Workflow
Authenticate with the correct scope, create the workflow, add steps, execute, inspect status, and handle events or errors through documented contracts.",,Replaced by availability copy,No section-specific content displayed. Shared availability panel and working-feature list instead.,"Authorization Is Part of the API Contract
Enforce role, object-level, function-level, workspace, and tenant authorization on the server.
Use scoped credentials, short-lived tokens where appropriate, secure secret storage, and explicit revocation.
Protect sensitive endpoints with rate limits, idempotency, replay-safe behavior, and step-up controls where consequence requires it.
Return safe, documented errors without exposing sensitive account, authorization, or infrastructure details.
Create and Execute a Workflow
Authenticate with the correct scope, create the workflow, add steps, execute, inspect status, and handle events or errors through documented contracts.",Yes,src/pages/ContentPage.tsx
44,/developers/api,SECTION 5,1694,Start With the Contract.,"Use explicit authentication, schemas, permissions, errors, and version behavior before building integration logic.",CTA: View API Reference,Replaced by availability copy,No section-specific content displayed. Shared availability panel and working-feature list instead.,"Start With the Contract.
Use explicit authentication, schemas, permissions, errors, and version behavior before building integration logic.",Yes,src/pages/ContentPage.tsx
45,/developers/sdks,HERO,1705,Build With LAMID ONE Capabilities.,"Use supported SDKs to work with documented platform interfaces without rebuilding core protocol, authorization, and event handling.",CTA: View SDKs,Title retained; body replaced,Build With LAMID ONE Capabilities. — generic availability description.,"Use supported SDKs to work with documented platform interfaces without rebuilding core protocol, authorization, and event handling.",Yes,src/pages/ContentPage.tsx
45,/developers/sdks,SECTION 2,1709,SDK Areas,"Core OS
Workflows
AI orchestration
Authorized data
Events
Integrations",,Replaced by availability copy,No section-specific content displayed. Shared availability panel and working-feature list instead.,"SDK Areas
Core OS
Workflows
AI orchestration
Authorized data
Events
Integrations",Yes,src/pages/ContentPage.tsx
45,/developers/sdks,SECTION 3,1717,Listen for Workflow Completion,"Subscribe to an approved event, validate payloads, handle retries, and trigger permitted downstream action.",,Replaced by availability copy,No section-specific content displayed. Shared availability panel and working-feature list instead.,"Listen for Workflow Completion
Subscribe to an approved event, validate payloads, handle retries, and trigger permitted downstream action.",Yes,src/pages/ContentPage.tsx
45,/developers/sdks,SECTION 4,1720,Versioning,Pin supported versions and follow migration guidance as interfaces evolve.,,Replaced by availability copy,No section-specific content displayed. Shared availability panel and working-feature list instead.,"Versioning
Pin supported versions and follow migration guidance as interfaces evolve.",Yes,src/pages/ContentPage.tsx
45,/developers/sdks,SECTION 5,1723,Supported Versions,"See the SDKs, versions, capabilities, and release status currently supported.",CTA: View SDKs,Replaced by availability copy,No section-specific content displayed. Shared availability panel and working-feature list instead.,"Supported Versions
See the SDKs, versions, capabilities, and release status currently supported.",Yes,src/pages/ContentPage.tsx
46,/integrations,HERO,1734,Connect the Systems You Already Use.,"Bring relevant external context into LAMID ONE and allow only authorized synchronization or progression while respecting permissions, ownership, freshness, revocation, and data boundaries.",CTA: Explore Integrations,Title retained; body replaced,Connect the Systems You Already Use. — generic availability description.,"Bring relevant external context into LAMID ONE and allow only authorized synchronization or progression while respecting permissions, ownership, freshness, revocation, and data boundaries.",Yes,src/pages/ContentPage.tsx
46,/integrations,SECTION 2,1738,Integration Categories,"CRM
Finance
People / HR
Project / work management
Identity
Data / analytics",,Replaced by availability copy,No section-specific content displayed. Shared availability panel and working-feature list instead.,"Integration Categories
CRM
Finance
People / HR
Project / work management
Identity
Data / analytics",Yes,src/pages/ContentPage.tsx
46,/integrations,SECTION 3,1746,Control the Connection,"Review scopes, data access, synchronization direction, permitted progression, freshness, status, and revocation.",,Replaced by availability copy,No section-specific content displayed. Shared availability panel and working-feature list instead.,"Control the Connection
Review scopes, data access, synchronization direction, permitted progression, freshness, status, and revocation.",Yes,src/pages/ContentPage.tsx
46,/integrations,SECTION 4,1749,Connect CRM and Finance Context,Bring pipeline and revenue context into a growth decision without copying every external system into one interface.,,Replaced by availability copy,No section-specific content displayed. Shared availability panel and working-feature list instead.,"Connect CRM and Finance Context
Bring pipeline and revenue context into a growth decision without copying every external system into one interface.",Yes,src/pages/ContentPage.tsx
46,/integrations,SECTION 5,1752,Reduce Fragmentation Without Creating a New Silo.,"Connect external systems for the context they contribute while preserving ownership, permissions, freshness, and revocation.",CTA: Explore Integrations,Replaced by availability copy,No section-specific content displayed. Shared availability panel and working-feature list instead.,"Reduce Fragmentation Without Creating a New Silo.
Connect external systems for the context they contribute while preserving ownership, permissions, freshness, and revocation.",Yes,src/pages/ContentPage.tsx
47,/developers/webhooks,HERO,1763,Keep Context Current Through Meaningful Events.,Use controlled events and webhooks to keep permitted operating context and already-authorized workflows progressing across LAMID ONE and external systems without requiring the user to be present.,CTA: Read Webhook Docs,Title retained; body replaced,Keep Context Current Through Meaningful Events. — generic availability description.,Use controlled events and webhooks to keep permitted operating context and already-authorized workflows progressing across LAMID ONE and external systems without requiring the user to be present.,Yes,src/pages/ContentPage.tsx
47,/developers/webhooks,SECTION 2,1767,Event Model,"Event type
Workspace or organization context
Timestamp
Actor
Payload
Version",,Replaced by availability copy,No section-specific content displayed. Shared availability panel and working-feature list instead.,"Event Model
Event type
Workspace or organization context
Timestamp
Actor
Payload
Version",Yes,src/pages/ContentPage.tsx
47,/developers/webhooks,SECTION 3,1775,Delivery,"Signing
Timestamp validation
Replay protection
Secret rotation / revocation
Retries
Idempotency
Failure handling
Replay where supported",,Replaced by availability copy,No section-specific content displayed. Shared availability panel and working-feature list instead.,"Delivery
Signing
Timestamp validation
Replay protection
Secret rotation / revocation
Retries
Idempotency
Failure handling
Replay where supported",Yes,src/pages/ContentPage.tsx
47,/developers/webhooks,SECTION 4,1785,Notify an External System After Approval,"Receive the approved workflow event, verify the signature, process once, and return a successful acknowledgement.",,Replaced by availability copy,No section-specific content displayed. Shared availability panel and working-feature list instead.,"Notify an External System After Approval
Receive the approved workflow event, verify the signature, process once, and return a successful acknowledgement.",Yes,src/pages/ContentPage.tsx
47,/developers/webhooks,SECTION 5,1788,"Build for Reliable, Traceable Delivery.","Use signed events, retry handling, idempotency, observable failures, event timestamps, permission checks, and replay controls so persistent progression remains dependable, bounded, and traceable.",CTA: Read Webhook Docs,Replaced by availability copy,No section-specific content displayed. Shared availability panel and working-feature list instead.,"Build for Reliable, Traceable Delivery.
Use signed events, retry handling, idempotency, observable failures, event timestamps, permission checks, and replay controls so persistent progression remains dependable, bounded, and traceable.",Yes,src/pages/ContentPage.tsx
48,/developers/changelog,HERO,1799,Know What Changed.,"Follow API, SDK, schema, integration, and platform updates.",CTA: View Changelog,Title retained; body replaced,Know What Changed. — generic availability description.,"Follow API, SDK, schema, integration, and platform updates.",Yes,src/pages/ContentPage.tsx
48,/developers/changelog,SECTION 2,1803,Each Entry Includes,"Date
Version
Area
Change
Impact
Required action
Migration guidance",,Replaced by availability copy,No section-specific content displayed. Shared availability panel and working-feature list instead.,"Each Entry Includes
Date
Version
Area
Change
Impact
Required action
Migration guidance",Yes,src/pages/ContentPage.tsx
48,/developers/changelog,SECTION 3,1812,Breaking Changes,Use explicit notice periods and migration paths.,,Replaced by availability copy,No section-specific content displayed. Shared availability panel and working-feature list instead.,"Breaking Changes
Use explicit notice periods and migration paths.",Yes,src/pages/ContentPage.tsx
49,/about,HERO,1821,Why LAMID ONE Exists,"People and organizations work across more information, tools, decisions, and complexity. Better technology should make that complexity easier to navigate - not add to it.",CTA: Read Our Story,Verbatim extract,"Why LAMID ONE Exists | People and organizations work across more information, tools, decisions, and complexity. Better technology should make that complexity easier to navigate - not add to it.",,Yes,src/pages/ContentPage.tsx
49,/about,SECTION 2,1825,Our Belief,"Human judgment matters. AI creates new possibilities. Strong systems bring both together responsibly - technology should serve human needs, protect human agency, and support better decisions rather than exploit human psychology.",,Verbatim extract,"Our Belief | Human judgment matters. AI creates new possibilities. Strong systems bring both together responsibly - technology should serve human needs, protect human agency, and support better decisions rather than exploit human psychology.",,Yes,src/pages/ContentPage.tsx
49,/about,SECTION 3,1828,What We Are Building,"One Continuous Human-AI Growth Operating System that starts with individual work and expands into teams, businesses, enterprises, and institutions.",,Verbatim extract,"What We Are Building | One Continuous Human-AI Growth Operating System that starts with individual work and expands into teams, businesses, enterprises, and institutions.",,Yes,src/pages/ContentPage.tsx
49,/about,SECTION 4,1831,Mission,"Help people and organizations build greater clarity, capability, and consistency through continuous Human-AI intelligence designed around real work and evolving context.",,Verbatim extract,"Mission | Help people and organizations build greater clarity, capability, and consistency through continuous Human-AI intelligence designed around real work and evolving context.",,Yes,src/pages/ContentPage.tsx
49,/about,SECTION 5,1834,Vision,"A world where people and intelligent systems work together continuously with greater clarity, capability, growth, and human agency.",,Verbatim extract,"Vision | A world where people and intelligent systems work together continuously with greater clarity, capability, growth, and human agency.",,Yes,src/pages/ContentPage.tsx
49,/about,SECTION 6,1837,One System Instead of More Fragmentation,"Bring context, capability, decisions, and execution together instead of adding another disconnected layer.",CTA: Read Our Story,Verbatim extract,"One System Instead of More Fragmentation | Bring context, capability, decisions, and execution together instead of adding another disconnected layer.",,Yes,src/pages/ContentPage.tsx
50,/about/story,HERO,1848,The Thinking Behind LAMID ONE,"Built from consulting and organizational experience, LAMID ONE began with a recurring observation: more tools were being added while decisions, workflows, and context remained fragmented.",CTA: Explore LAMID ONE,Title retained; body replaced,The Thinking Behind LAMID ONE — generic availability description.,"Built from consulting and organizational experience, LAMID ONE began with a recurring observation: more tools were being added while decisions, workflows, and context remained fragmented.",Yes,src/pages/ContentPage.tsx
50,/about/story,SECTION 2,1852,The Observation,"Fragmented systems force people to reconstruct context across decisions, teams, and tools.",,Replaced by availability copy,No section-specific content displayed. Shared availability panel and working-feature list instead.,"The Observation
Fragmented systems force people to reconstruct context across decisions, teams, and tools.",Yes,src/pages/ContentPage.tsx
50,/about/story,SECTION 3,1855,What Experience Revealed,"Across consulting and organizational work, the recurring challenge was not simply a lack of tools; it was the loss of context between decisions, people, and execution.",,Replaced by availability copy,No section-specific content displayed. Shared availability panel and working-feature list instead.,"What Experience Revealed
Across consulting and organizational work, the recurring challenge was not simply a lack of tools; it was the loss of context between decisions, people, and execution.",Yes,src/pages/ContentPage.tsx
50,/about/story,SECTION 4,1858,The Design Response,"Build one operating environment that could preserve context, combine human judgment with AI capability, and add depth without forcing visible complexity to grow with it.",,Replaced by availability copy,No section-specific content displayed. Shared availability panel and working-feature list instead.,"The Design Response
Build one operating environment that could preserve context, combine human judgment with AI capability, and add depth without forcing visible complexity to grow with it.",Yes,src/pages/ContentPage.tsx
50,/about/story,SECTION 5,1861,The Result,"That idea became LAMID ONE: a Continuous Human-AI Growth Operating System that adapts to context, time, and scale.",,Replaced by availability copy,No section-specific content displayed. Shared availability panel and working-feature list instead.,"The Result
That idea became LAMID ONE: a Continuous Human-AI Growth Operating System that adapts to context, time, and scale.",Yes,src/pages/ContentPage.tsx
50,/about/story,SECTION 6,1864,Human and Intelligent - Working as One.,LAMID ONE brings human judgment and continuous AI capability together in one operating model rather than positioning either as a replacement for the other.,CTA: Explore LAMID ONE,Replaced by availability copy,No section-specific content displayed. Shared availability panel and working-feature list instead.,"Human and Intelligent - Working as One.
LAMID ONE brings human judgment and continuous AI capability together in one operating model rather than positioning either as a replacement for the other.",Yes,src/pages/ContentPage.tsx
51,/about/leadership,HERO,1875,Leadership Behind LAMID ONE,"LAMID ONE is founder-led today. Direction, product, technology, and the operating principles behind the company remain under clearly identified leadership responsibility.",CTA: Read Our Story,Title retained; body replaced,Leadership Behind LAMID ONE — generic availability description.,"LAMID ONE is founder-led today. Direction, product, technology, and the operating principles behind the company remain under clearly identified leadership responsibility.",Yes,src/pages/ContentPage.tsx
51,/about/leadership,SECTION 2,1879,Founder-Led Today,Leadership is presented as it exists: one founder currently carrying responsibility for the company and product direction.,,Replaced by availability copy,No section-specific content displayed. Shared availability panel and working-feature list instead.,"Founder-Led Today
Leadership is presented as it exists: one founder currently carrying responsibility for the company and product direction.",Yes,src/pages/ContentPage.tsx
51,/about/leadership,SECTION 3,1882,Responsibility Before Title,See the founder's current responsibilities alongside the areas and decisions they are accountable for.,,Replaced by availability copy,No section-specific content displayed. Shared availability panel and working-feature list instead.,"Responsibility Before Title
See the founder's current responsibilities alongside the areas and decisions they are accountable for.",Yes,src/pages/ContentPage.tsx
51,/about/leadership,SECTION 4,1885,Experience With Context,"Verified experience is presented for the work it informs, without inflated titles, unsupported credentials, or vague superlatives.",,Replaced by availability copy,No section-specific content displayed. Shared availability panel and working-feature list instead.,"Experience With Context
Verified experience is presented for the work it informs, without inflated titles, unsupported credentials, or vague superlatives.",Yes,src/pages/ContentPage.tsx
51,/about/leadership,SECTION 5,1888,Advisors and Contributors,"Advisors, contributors, partners, contractors, and specialists are identified separately by their actual role. They are not presented as executives unless they formally hold that responsibility.",,Replaced by availability copy,No section-specific content displayed. Shared availability panel and working-feature list instead.,"Advisors and Contributors
Advisors, contributors, partners, contractors, and specialists are identified separately by their actual role. They are not presented as executives unless they formally hold that responsibility.",Yes,src/pages/ContentPage.tsx
51,/about/leadership,SECTION 6,1891,Built to Scale With the Company,"As formal leadership expands, verified leaders can be added without changing the underlying information architecture or blurring who is accountable for what.",,Replaced by availability copy,No section-specific content displayed. Shared availability panel and working-feature list instead.,"Built to Scale With the Company
As formal leadership expands, verified leaders can be added without changing the underlying information architecture or blurring who is accountable for what.",Yes,src/pages/ContentPage.tsx
52,/careers,HERO,1901,Help Build a Better Human-AI Operating Model.,"Work on a system designed to make capable AI more useful, understandable, and accountable in real work.",CTA: Explore Careers,Title retained; body replaced,Help Build a Better Human-AI Operating Model. — generic availability description.,"Work on a system designed to make capable AI more useful, understandable, and accountable in real work.",Yes,src/pages/ContentPage.tsx
52,/careers,SECTION 2,1905,How We Work,"Clarity over noise.
Responsibility over hype.
Depth without unnecessary complexity.
Human judgment stays central.
Evidence before claims.",,Replaced by availability copy,No section-specific content displayed. Shared availability panel and working-feature list instead.,"How We Work
Clarity over noise.
Responsibility over hype.
Depth without unnecessary complexity.
Human judgment stays central.
Evidence before claims.",Yes,src/pages/ContentPage.tsx
52,/careers,SECTION 3,1912,What We Build,"Product
AI systems
Platform engineering
Design
Research
Operations
Customer experience",,Replaced by availability copy,No section-specific content displayed. Shared availability panel and working-feature list instead.,"What We Build
Product
AI systems
Platform engineering
Design
Research
Operations
Customer experience",Yes,src/pages/ContentPage.tsx
52,/careers,SECTION 4,1921,What We Value,Clear thinking. Strong craft. Responsible judgment. Collaboration. Learning. Ownership.,,Replaced by availability copy,No section-specific content displayed. Shared availability panel and working-feature list instead.,"What We Value
Clear thinking. Strong craft. Responsible judgment. Collaboration. Learning. Ownership.",Yes,src/pages/ContentPage.tsx
52,/careers,SECTION 5,1924,Build Technology People Can Use With Confidence.,"Work where capability, context, control, and accountability strengthen each other.",CTA: Explore Careers,Replaced by availability copy,No section-specific content displayed. Shared availability panel and working-feature list instead.,"Build Technology People Can Use With Confidence.
Work where capability, context, control, and accountability strengthen each other.",Yes,src/pages/ContentPage.tsx
53,/press,HERO,1935,LAMID ONE - Press & Media,"Find verified company information, announcements, approved assets, and media contacts.",CTA: Contact Media,Title retained; body replaced,LAMID ONE - Press & Media — generic availability description.,"Find verified company information, announcements, approved assets, and media contacts.",Yes,src/pages/ContentPage.tsx
53,/press,SECTION 2,1939,Company Facts,"Find the approved category description, company summary, leadership information, and key facts.",,Replaced by availability copy,No section-specific content displayed. Shared availability panel and working-feature list instead.,"Company Facts
Find the approved category description, company summary, leadership information, and key facts.",Yes,src/pages/ContentPage.tsx
53,/press,SECTION 3,1942,Announcements,"Read dated, attributable company news and announcements.",,Replaced by availability copy,No section-specific content displayed. Shared availability panel and working-feature list instead.,"Announcements
Read dated, attributable company news and announcements.",Yes,src/pages/ContentPage.tsx
53,/press,SECTION 4,1945,Media Assets,"Access approved logos, screenshots, and brand guidance.",,Replaced by availability copy,No section-specific content displayed. Shared availability panel and working-feature list instead.,"Media Assets
Access approved logos, screenshots, and brand guidance.",Yes,src/pages/ContentPage.tsx
53,/press,SECTION 5,1948,Media Contact,Contact the appropriate media representative for press inquiries.,,Replaced by availability copy,No section-specific content displayed. Shared availability panel and working-feature list instead.,"Media Contact
Contact the appropriate media representative for press inquiries.",Yes,src/pages/ContentPage.tsx
54,/contact,HERO,1957,Start the Right Conversation.,Choose what you need and reach the right team faster.,CTA: Send Inquiry,Verbatim extract,Start the Right Conversation. | Choose what you need and reach the right team faster.,,Yes,src/pages/ContentPage.tsx
54,/contact,SECTION 2,1961,Choose a Topic,"Product question
Business inquiry
Enterprise
Institution
Partnership
Press
Support
Careers",,Partial extract,Choose a Topic | Product question | Business inquiry | Enterprise,"Institution
Partnership
Press
Support
Careers",Yes,src/pages/ContentPage.tsx
54,/contact,SECTION 3,1971,Tell Us the Outcome,Describe what you are trying to achieve and the context that matters.,,Verbatim extract,Tell Us the Outcome | Describe what you are trying to achieve and the context that matters.,,Yes,src/pages/ContentPage.tsx
55,/legal/privacy,HERO,1981,Privacy Policy,"This policy explains how LAMID ONE collects, uses, shares, retains, and protects personal information.",,Title retained; body replaced,Privacy Policy — generic availability description.,"This policy explains how LAMID ONE collects, uses, shares, retains, and protects personal information.",Yes,src/pages/ContentPage.tsx
55,/legal/privacy,SECTION 2,1984,Information We Collect,"Personal information may come from your account, service use, workspaces, uploads, connected sources, and other interactions covered by this policy.",,Replaced by availability copy,No section-specific content displayed. Shared availability panel and working-feature list instead.,"Information We Collect
Personal information may come from your account, service use, workspaces, uploads, connected sources, and other interactions covered by this policy.",Yes,src/pages/ContentPage.tsx
55,/legal/privacy,SECTION 3,1987,How Information Is Used,"Personal information is processed for purposes described in this policy, including service delivery, security, support, permitted improvement, and applicable legal obligations.",,Replaced by availability copy,No section-specific content displayed. Shared availability panel and working-feature list instead.,"How Information Is Used
Personal information is processed for purposes described in this policy, including service delivery, security, support, permitted improvement, and applicable legal obligations.",Yes,src/pages/ContentPage.tsx
55,/legal/privacy,SECTION 4,1990,Sources and Sharing,"This policy describes where information comes from and when it may be shared with service providers, subprocessors, integrations, or other parties permitted by law and policy.",,Replaced by availability copy,No section-specific content displayed. Shared availability panel and working-feature list instead.,"Sources and Sharing
This policy describes where information comes from and when it may be shared with service providers, subprocessors, integrations, or other parties permitted by law and policy.",Yes,src/pages/ContentPage.tsx
55,/legal/privacy,SECTION 5,1993,International Transfers and Retention,This policy describes applicable international-transfer arrangements and the retention periods or criteria that apply.,,Replaced by availability copy,No section-specific content displayed. Shared availability panel and working-feature list instead.,"International Transfers and Retention
This policy describes applicable international-transfer arrangements and the retention periods or criteria that apply.",Yes,src/pages/ContentPage.tsx
55,/legal/privacy,SECTION 6,1996,Your Rights and Choices,"Depending on your location and applicable law, rights may include access, correction, deletion, export, objection, restriction, and withdrawal of consent.",,Replaced by availability copy,No section-specific content displayed. Shared availability panel and working-feature list instead.,"Your Rights and Choices
Depending on your location and applicable law, rights may include access, correction, deletion, export, objection, restriction, and withdrawal of consent.",Yes,src/pages/ContentPage.tsx
55,/legal/privacy,SECTION 7,1999,"Security, Changes, and Contact","This policy also covers relevant security practices, policy changes, and how to contact LAMID ONE about privacy.",,Replaced by availability copy,No section-specific content displayed. Shared availability panel and working-feature list instead.,"Security, Changes, and Contact
This policy also covers relevant security practices, policy changes, and how to contact LAMID ONE about privacy.",Yes,src/pages/ContentPage.tsx
56,/legal/terms,HERO,2009,Terms of Service,These terms govern access to and use of LAMID ONE.,,Title retained; body replaced,Terms of Service — generic availability description.,These terms govern access to and use of LAMID ONE.,Yes,src/pages/ContentPage.tsx
56,/legal/terms,SECTION 2,2012,Eligibility and Accounts,"These terms describe who may use the service, account responsibilities, and obligations relating to credentials and authorized access.",,Replaced by availability copy,No section-specific content displayed. Shared availability panel and working-feature list instead.,"Eligibility and Accounts
These terms describe who may use the service, account responsibilities, and obligations relating to credentials and authorized access.",Yes,src/pages/ContentPage.tsx
56,/legal/terms,SECTION 3,2015,Service Scope,"These terms describe the service, applicable plans, feature availability, service changes, and permitted use.",,Replaced by availability copy,No section-specific content displayed. Shared availability panel and working-feature list instead.,"Service Scope
These terms describe the service, applicable plans, feature availability, service changes, and permitted use.",Yes,src/pages/ContentPage.tsx
56,/legal/terms,SECTION 4,2018,Plans and Payment,"Subscription, billing, renewal, tax, cancellation, and payment terms apply according to your plan and the terms in force.",,Replaced by availability copy,No section-specific content displayed. Shared availability panel and working-feature list instead.,"Plans and Payment
Subscription, billing, renewal, tax, cancellation, and payment terms apply according to your plan and the terms in force.",Yes,src/pages/ContentPage.tsx
56,/legal/terms,SECTION 5,2021,User Content and Data,"These terms describe ownership, permissions, responsibilities, and the rights required to provide the service.",,Replaced by availability copy,No section-specific content displayed. Shared availability panel and working-feature list instead.,"User Content and Data
These terms describe ownership, permissions, responsibilities, and the rights required to provide the service.",Yes,src/pages/ContentPage.tsx
56,/legal/terms,SECTION 6,2024,AI-Assisted Outputs,"AI-assisted outputs require appropriate human judgment before consequential use, subject to the responsibilities and limitations in these terms.",,Replaced by availability copy,No section-specific content displayed. Shared availability panel and working-feature list instead.,"AI-Assisted Outputs
AI-assisted outputs require appropriate human judgment before consequential use, subject to the responsibilities and limitations in these terms.",Yes,src/pages/ContentPage.tsx
56,/legal/terms,SECTION 7,2027,Acceptable Use and Third-Party Services,Prohibited activity and the treatment of third-party services or integrations are governed by these terms and applicable policies.,,Replaced by availability copy,No section-specific content displayed. Shared availability panel and working-feature list instead.,"Acceptable Use and Third-Party Services
Prohibited activity and the treatment of third-party services or integrations are governed by these terms and applicable policies.",Yes,src/pages/ContentPage.tsx
56,/legal/terms,SECTION 8,2030,"Suspension, Liability, Disputes, and Changes","These terms also cover suspension or termination, disclaimers, liability, governing law, dispute processes, changes, and contact information.",,Replaced by availability copy,No section-specific content displayed. Shared availability panel and working-feature list instead.,"Suspension, Liability, Disputes, and Changes
These terms also cover suspension or termination, disclaimers, liability, governing law, dispute processes, changes, and contact information.",Yes,src/pages/ContentPage.tsx
57,/legal/cookies,HERO,2040,Cookie Policy,This policy explains the cookies and similar technologies used by LAMID ONE and the choices available to you.,,Title retained; body replaced,Cookie Policy — generic availability description.,This policy explains the cookies and similar technologies used by LAMID ONE and the choices available to you.,Yes,src/pages/ContentPage.tsx
57,/legal/cookies,SECTION 2,2043,Necessary Technologies,"Necessary technologies support security, authentication, preferences, and core service operation.",,Replaced by availability copy,No section-specific content displayed. Shared availability panel and working-feature list instead.,"Necessary Technologies
Necessary technologies support security, authentication, preferences, and core service operation.",Yes,src/pages/ContentPage.tsx
57,/legal/cookies,SECTION 3,2046,Preferences and Analytics,This policy describes optional preference or analytics technologies and the purposes they serve.,,Replaced by availability copy,No section-specific content displayed. Shared availability panel and working-feature list instead.,"Preferences and Analytics
This policy describes optional preference or analytics technologies and the purposes they serve.",Yes,src/pages/ContentPage.tsx
57,/legal/cookies,SECTION 4,2049,Advertising and Third Parties,"Where applicable, this policy identifies advertising technologies, third-party providers, and their purposes.",,Replaced by availability copy,No section-specific content displayed. Shared availability panel and working-feature list instead.,"Advertising and Third Parties
Where applicable, this policy identifies advertising technologies, third-party providers, and their purposes.",Yes,src/pages/ContentPage.tsx
57,/legal/cookies,SECTION 5,2052,Duration,This policy describes how long relevant cookies or similar technologies remain active.,,Replaced by availability copy,No section-specific content displayed. Shared availability panel and working-feature list instead.,"Duration
This policy describes how long relevant cookies or similar technologies remain active.",Yes,src/pages/ContentPage.tsx
57,/legal/cookies,SECTION 6,2055,Your Choices,"Use available consent settings, browser controls, and withdrawal options to manage your choices.",,Replaced by availability copy,No section-specific content displayed. Shared availability panel and working-feature list instead.,"Your Choices
Use available consent settings, browser controls, and withdrawal options to manage your choices.",Yes,src/pages/ContentPage.tsx
57,/legal/cookies,SECTION 7,2058,Changes and Contact,This policy explains how changes are communicated and how to contact LAMID ONE about cookie or tracking questions.,,Replaced by availability copy,No section-specific content displayed. Shared availability panel and working-feature list instead.,"Changes and Contact
This policy explains how changes are communicated and how to contact LAMID ONE about cookie or tracking questions.",Yes,src/pages/ContentPage.tsx
58,/legal/acceptable-use,HERO,2068,Acceptable Use Policy,Use LAMID ONE responsibly and lawfully.,,Title retained; body replaced,Acceptable Use Policy — generic availability description.,Use LAMID ONE responsibly and lawfully.,Yes,src/pages/ContentPage.tsx
58,/legal/acceptable-use,SECTION 2,2071,Prohibited Activity,"Do not use LAMID ONE for illegal activity, unauthorized access, malware, privacy violations, fraud, deception, intellectual-property violations, or other prohibited abuse.",,Replaced by availability copy,No section-specific content displayed. Shared availability panel and working-feature list instead.,"Prohibited Activity
Do not use LAMID ONE for illegal activity, unauthorized access, malware, privacy violations, fraud, deception, intellectual-property violations, or other prohibited abuse.",Yes,src/pages/ContentPage.tsx
58,/legal/acceptable-use,SECTION 3,2074,AI and Automation,"Do not use AI or automation to bypass safeguards, manipulate people, misuse sensitive information, or carry out prohibited activity.",,Replaced by availability copy,No section-specific content displayed. Shared availability panel and working-feature list instead.,"AI and Automation
Do not use AI or automation to bypass safeguards, manipulate people, misuse sensitive information, or carry out prohibited activity.",Yes,src/pages/ContentPage.tsx
58,/legal/acceptable-use,SECTION 4,2077,Organizational Data and Access,Use organizational information only within the permissions and responsibilities granted to you.,,Replaced by availability copy,No section-specific content displayed. Shared availability panel and working-feature list instead.,"Organizational Data and Access
Use organizational information only within the permissions and responsibilities granted to you.",Yes,src/pages/ContentPage.tsx
58,/legal/acceptable-use,SECTION 5,2080,Enforcement,"Suspected misuse may be investigated and may lead to restriction, suspension, termination, reporting, or appeal processes as applicable.",,Replaced by availability copy,No section-specific content displayed. Shared availability panel and working-feature list instead.,"Enforcement
Suspected misuse may be investigated and may lead to restriction, suspension, termination, reporting, or appeal processes as applicable.",Yes,src/pages/ContentPage.tsx
59,/legal/dpa,HERO,2090,Data Processing Addendum,This addendum defines applicable data-processing obligations for eligible business customers.,,Title retained; body replaced,Data Processing Addendum — generic availability description.,This addendum defines applicable data-processing obligations for eligible business customers.,Yes,src/pages/ContentPage.tsx
59,/legal/dpa,SECTION 2,2093,Roles and Instructions,"The addendum defines controller and processor roles, permitted instructions, and the scope of processing.",,Replaced by availability copy,No section-specific content displayed. Shared availability panel and working-feature list instead.,"Roles and Instructions
The addendum defines controller and processor roles, permitted instructions, and the scope of processing.",Yes,src/pages/ContentPage.tsx
59,/legal/dpa,SECTION 3,2096,Confidentiality and Security,The addendum sets contractual requirements for confidentiality and applicable technical and organizational security measures.,,Replaced by availability copy,No section-specific content displayed. Shared availability panel and working-feature list instead.,"Confidentiality and Security
The addendum sets contractual requirements for confidentiality and applicable technical and organizational security measures.",Yes,src/pages/ContentPage.tsx
59,/legal/dpa,SECTION 4,2099,Subprocessors,"The addendum describes subprocessors, notification arrangements, responsibilities, and applicable objection mechanisms.",,Replaced by availability copy,No section-specific content displayed. Shared availability panel and working-feature list instead.,"Subprocessors
The addendum describes subprocessors, notification arrangements, responsibilities, and applicable objection mechanisms.",Yes,src/pages/ContentPage.tsx
59,/legal/dpa,SECTION 5,2102,Rights and Incident Assistance,The addendum covers assistance with applicable data-subject requests and security-incident obligations.,,Replaced by availability copy,No section-specific content displayed. Shared availability panel and working-feature list instead.,"Rights and Incident Assistance
The addendum covers assistance with applicable data-subject requests and security-incident obligations.",Yes,src/pages/ContentPage.tsx
59,/legal/dpa,SECTION 6,2105,"Transfers, Return, and Deletion","The addendum covers applicable transfer mechanisms, data return, deletion, and retention requirements.",,Replaced by availability copy,No section-specific content displayed. Shared availability panel and working-feature list instead.,"Transfers, Return, and Deletion
The addendum covers applicable transfer mechanisms, data return, deletion, and retention requirements.",Yes,src/pages/ContentPage.tsx
59,/legal/dpa,SECTION 7,2108,Audit and Processing Details,"The addendum includes applicable audit rights and annexes describing processing scope, categories, purposes, and safeguards.",,Replaced by availability copy,No section-specific content displayed. Shared availability panel and working-feature list instead.,"Audit and Processing Details
The addendum includes applicable audit rights and annexes describing processing scope, categories, purposes, and safeguards.",Yes,src/pages/ContentPage.tsx
60,/accessibility,HERO,2117,Designed for More People to Use.,LAMID ONE aims to provide an accessible experience across devices and interaction modes.,CTA: Contact Accessibility,Verbatim extract,Designed for More People to Use. | LAMID ONE aims to provide an accessible experience across devices and interaction modes.,,Yes,src/pages/ContentPage.tsx
60,/accessibility,SECTION 2,2121,Keyboard and Assistive Technology,"LAMID ONE is designed to support keyboard navigation, semantic structure, accessible names, and compatible assistive-technology use.",,Verbatim extract,"Keyboard and Assistive Technology | LAMID ONE is designed to support keyboard navigation, semantic structure, accessible names, and compatible assistive-technology use.",,Yes,src/pages/ContentPage.tsx
60,/accessibility,SECTION 3,2124,Visual Accessibility,"Readable hierarchy, sufficient contrast, visible focus states, responsive text, and status communication support clearer use across visual needs.",,Verbatim extract,"Visual Accessibility | Readable hierarchy, sufficient contrast, visible focus states, responsive text, and status communication support clearer use across visual needs.",,Yes,src/pages/ContentPage.tsx
60,/accessibility,SECTION 4,2127,Motion and Interaction,"Motion is kept purposeful, with reduced-motion preferences respected where supported.",,Verbatim extract,"Motion and Interaction | Motion is kept purposeful, with reduced-motion preferences respected where supported.",,Yes,src/pages/ContentPage.tsx
60,/accessibility,SECTION 5,2130,Accessibility Status,"Verified conformance information, testing scope, known limitations, and remediation status are published when available.",,Verbatim extract,"Accessibility Status | Verified conformance information, testing scope, known limitations, and remediation status are published when available.",,Yes,src/pages/ContentPage.tsx
60,/accessibility,SECTION 6,2133,Report an Accessibility Issue,"Tell us what you were trying to do, what barrier you encountered, and the device or assistive technology involved.",CTA: Contact Accessibility,Verbatim extract,"Report an Accessibility Issue | Tell us what you were trying to do, what barrier you encountered, and the device or assistive technology involved.",,Yes,src/pages/ContentPage.tsx
61,/login,HERO,2144,Welcome Back,Continue into your LAMID ONE context.,CTA: Sign In  |  Create Account,Custom UI; no one-to-one slide,"Welcome back. — Email/password sign-in form and account link. No MFA, remembered-session choice or recovery flow is exposed here.","Welcome Back
Continue into your LAMID ONE context.",No,src/pages/Auth.tsx
61,/login,SECTION 2,2148,Sign In,"Email
Password or supported identity method
Remembered session where appropriate
SECTION 3",CTA: Sign In,Custom UI; no one-to-one slide,"Email/password sign-in form and account link. No MFA, remembered-session choice or recovery flow is exposed here. Literal source text also found in component: Email","Sign In
Email
Password or supported identity method
Remembered session where appropriate
SECTION 3",No,src/pages/Auth.tsx
61,/login,SECTION 3 / SECTION - ACCOUNT PROTECTION,2155,Protect Access Without Adding Friction Everywhere,"Apply phishing-resistant MFA and step-up authentication where supported and appropriate to risk. Use rate limiting, session protection, device or risk signals where implemented, and secure server-side authorization for sensitive actions.
Need Access Help?
Recover your account or contact support if you cannot sign in.",,Custom UI; no one-to-one slide,"Email/password sign-in form and account link. No MFA, remembered-session choice or recovery flow is exposed here.","Protect Access Without Adding Friction Everywhere
Apply phishing-resistant MFA and step-up authentication where supported and appropriate to risk. Use rate limiting, session protection, device or risk signals where implemented, and secure server-side authorization for sensitive actions.
Need Access Help?
Recover your account or contact support if you cannot sign in.",No,src/pages/Auth.tsx
61,/login,SECTION 4,2160,New to LAMID ONE?,Create one identity and add contexts as your work grows.,CTA: Create Account,Custom UI; no one-to-one slide,"Email/password sign-in form and account link. No MFA, remembered-session choice or recovery flow is exposed here.","New to LAMID ONE?
Create one identity and add contexts as your work grows.",No,src/pages/Auth.tsx
62,/signup,HERO,2171,Start With Your Context.,"Create one LAMID ONE identity. Add personal, team, or organizational contexts when you need them.",CTA: Create Account,Custom UI; no one-to-one slide,"Start with your context. — Shares the context-first signup flow with /start. Name, email and password form; no identity-provider chooser or explicit required-consent checkbox.","Start With Your Context.
Create one LAMID ONE identity. Add personal, team, or organizational contexts when you need them.",No,src/pages/Auth.tsx
62,/signup,SECTION 2,2175,Create Your Identity,"Name
Email
Password or identity provider
Required consent",,Custom UI; no one-to-one slide,"Shares the context-first signup flow with /start. Name, email and password form; no identity-provider chooser or explicit required-consent checkbox. Literal source text also found in component: Name | Email","Create Your Identity
Name
Email
Password or identity provider
Required consent",No,src/pages/Auth.tsx
62,/signup,SECTION 3,2181,Choose a Starting Context,Select the context that best matches your work today.,,Custom UI; no one-to-one slide,"Shares the context-first signup flow with /start. Name, email and password form; no identity-provider chooser or explicit required-consent checkbox.","Choose a Starting Context
Select the context that best matches your work today.",No,src/pages/Auth.tsx
62,/signup,SECTION 4,2184,Continue,Choose the context that best matches how you plan to use LAMID ONE today.,CTA: Create Account,Custom UI; no one-to-one slide,"Shares the context-first signup flow with /start. Name, email and password form; no identity-provider chooser or explicit required-consent checkbox. Literal source text also found in component: Continue","Continue
Choose the context that best matches how you plan to use LAMID ONE today.",No,src/pages/Auth.tsx
63,/forgot-password,HERO,2195,Recover Access,Enter the email associated with your account. We will send recovery instructions when the account is eligible.,CTA: Send Recovery Instructions,Missing / not-found,"A different direction.. Listed in the route inventory, but no route-specific component or public content record resolves this URL.","Recover Access
Enter the email associated with your account. We will send recovery instructions when the account is eligible.",No,src/pages/ContentPage.tsx
63,/forgot-password,SECTION 2,2199,Email,Enter the email associated with your account to begin the recovery process.,CTA: Send Recovery Instructions,Missing / not-found,"A different direction.. Listed in the route inventory, but no route-specific component or public content record resolves this URL.","Email
Enter the email associated with your account to begin the recovery process.",No,src/pages/ContentPage.tsx
63,/forgot-password,SECTION 3,2203,Privacy-Safe Recovery,"Recovery responses protect account-existence information and other sensitive account details.
Recovery requests should be rate-limited, use time-bound single-use credentials or links, avoid account enumeration, and produce auditable security events without exposing sensitive details.",,Missing / not-found,"A different direction.. Listed in the route inventory, but no route-specific component or public content record resolves this URL.","Privacy-Safe Recovery
Recovery responses protect account-existence information and other sensitive account details.
Recovery requests should be rate-limited, use time-bound single-use credentials or links, avoid account enumeration, and produce auditable security events without exposing sensitive details.",No,src/pages/ContentPage.tsx
64,/reset-password,HERO,2214,Create a New Password,Choose a secure password for your LAMID ONE account.,CTA: Save New Password,Missing / not-found,"A different direction.. Listed in the route inventory, but no route-specific component or public content record resolves this URL.","Create a New Password
Choose a secure password for your LAMID ONE account.",No,src/pages/ContentPage.tsx
64,/reset-password,SECTION 2,2218,New Password,Choose a password that meets the current account security requirements.,,Missing / not-found,"A different direction.. Listed in the route inventory, but no route-specific component or public content record resolves this URL.","New Password
Choose a password that meets the current account security requirements.",No,src/pages/ContentPage.tsx
64,/reset-password,SECTION 3,2221,Confirm Password,"Enter the same password again to prevent accidental mismatch.
SECTION 4",,Missing / not-found,"A different direction.. Listed in the route inventory, but no route-specific component or public content record resolves this URL.","Confirm Password
Enter the same password again to prevent accidental mismatch.
SECTION 4",No,src/pages/ContentPage.tsx
64,/reset-password,SECTION 4 / SECTION - RESET SECURITY,2225,Reset Only Through a Valid Recovery Context,"Use time-bound, single-use recovery authorization, enforce current password requirements, invalidate or review affected sessions where policy requires it, and rate-limit repeated attempts.
Complete Reset
Save the new password and return to sign in when the reset succeeds.",CTA: Save New Password,Missing / not-found,"A different direction.. Listed in the route inventory, but no route-specific component or public content record resolves this URL.","Reset Only Through a Valid Recovery Context
Use time-bound, single-use recovery authorization, enforce current password requirements, invalidate or review affected sessions where policy requires it, and rate-limit repeated attempts.
Complete Reset
Save the new password and return to sign in when the reset succeeds.",No,src/pages/ContentPage.tsx
65,/verify,HERO,2238,Confirm Your Account,Complete verification to continue into LAMID ONE.,CTA: Continue to LAMID ONE,Missing / not-found,"A different direction.. Listed in the route inventory, but no route-specific component or public content record resolves this URL.","Confirm Your Account
Complete verification to continue into LAMID ONE.",No,src/pages/ContentPage.tsx
65,/verify,SECTION 2,2242,Verification Status,"See whether account verification is complete, pending, expired, or requires another step.",,Missing / not-found,"A different direction.. Listed in the route inventory, but no route-specific component or public content record resolves this URL.","Verification Status
See whether account verification is complete, pending, expired, or requires another step.",No,src/pages/ContentPage.tsx
65,/verify,SECTION 3,2245,Resend Verification,"Request a new verification message when the previous one is no longer usable.
SECTION 4",CTA: Resend,Missing / not-found,"A different direction.. Listed in the route inventory, but no route-specific component or public content record resolves this URL.","Resend Verification
Request a new verification message when the previous one is no longer usable.
SECTION 4",No,src/pages/ContentPage.tsx
65,/verify,SECTION 4 / SECTION - VERIFICATION INTEGRITY,2250,Verification Should Resist Reuse and Bypass,"Verification links or codes should be time-bound, single-use where appropriate, rate-limited, and checked against the current account state before granting verified access.
Continue
Enter LAMID ONE when verification is complete.",CTA: Continue to LAMID ONE,Missing / not-found,"A different direction.. Listed in the route inventory, but no route-specific component or public content record resolves this URL.","Verification Should Resist Reuse and Bypass
Verification links or codes should be time-bound, single-use where appropriate, rate-limited, and checked against the current account state before granting verified access.
Continue
Enter LAMID ONE when verification is complete.",No,src/pages/ContentPage.tsx
66,/onboarding,HERO,2263,Start With Your Context.,Tell LAMID ONE where you are starting and what you want to move forward.,CTA: Enter LAMID ONE,Missing / not-found,"A different direction.. Listed in the route inventory, but no route-specific component or public content record resolves this URL.","Start With Your Context.
Tell LAMID ONE where you are starting and what you want to move forward.",No,src/pages/ContentPage.tsx
66,/onboarding,SECTION 2,2267,Choose Your Context,"Myself
Professional work
Creative work
A business
A team
An organization
An institution",,Missing / not-found,"A different direction.. Listed in the route inventory, but no route-specific component or public content record resolves this URL.","Choose Your Context
Myself
Professional work
Creative work
A business
A team
An organization
An institution",No,src/pages/ContentPage.tsx
66,/onboarding,SECTION 3,2276,Choose Your First Objective,"Get clear
Build capability
Improve execution
Make a decision
Explore an opportunity
Align a team
Other",,Missing / not-found,"A different direction.. Listed in the route inventory, but no route-specific component or public content record resolves this URL.","Choose Your First Objective
Get clear
Build capability
Improve execution
Make a decision
Explore an opportunity
Align a team
Other",No,src/pages/ContentPage.tsx
66,/onboarding,SECTION 4,2285,Add Useful Context,"Add only what helps with the first objective. Set what may stay current or progress between interactions, and change those permissions later without rebuilding the experience.",,Missing / not-found,"A different direction.. Listed in the route inventory, but no route-specific component or public content record resolves this URL.","Add Useful Context
Add only what helps with the first objective. Set what may stay current or progress between interactions, and change those permissions later without rebuilding the experience.",No,src/pages/ContentPage.tsx
66,/onboarding,SECTION 5,2288,Start With One Real Decision,Complete the first Clarity -> Capability -> Consistency cycle before configuring advanced features.,CTA: Enter LAMID ONE,Missing / not-found,"A different direction.. Listed in the route inventory, but no route-specific component or public content record resolves this URL.","Start With One Real Decision
Complete the first Clarity -> Capability -> Consistency cycle before configuring advanced features.",No,src/pages/ContentPage.tsx
67,/os,HERO,2299,What Needs Your Attention?,"Return to what progressed, what changed, what improved, what needs approval, and the priorities and active work relevant now.",,Custom UI; no one-to-one slide,"A little clearer, [first name]. — Personalized overview, objectives, next actions and recent activity. Replaces the source slide sequence with live workspace summaries.","What Needs Your Attention?
Return to what progressed, what changed, what improved, what needs approval, and the priorities and active work relevant now.",No,src/pages/workspace/Dashboard.tsx
67,/os,SECTION 2,2302,Since Your Last Session,What progressed. What changed. What improved. What stalled. What was paused. What was overridden. What became possible. What needs your judgment next.,,Custom UI; no one-to-one slide,"Personalized overview, objectives, next actions and recent activity. Replaces the source slide sequence with live workspace summaries.","Since Your Last Session
What progressed. What changed. What improved. What stalled. What was paused. What was overridden. What became possible. What needs your judgment next.",No,src/pages/workspace/Dashboard.tsx
67,/os,SECTION 3,2305,Today,Your current priority and next action.,,Custom UI; no one-to-one slide,"Personalized overview, objectives, next actions and recent activity. Replaces the source slide sequence with live workspace summaries.","Today
Your current priority and next action.",No,src/pages/workspace/Dashboard.tsx
67,/os,SECTION 4,2308,Progress,"Recent movement across clarity, capability, and consistency, including material changes since your previous state.",,Custom UI; no one-to-one slide,"Personalized overview, objectives, next actions and recent activity. Replaces the source slide sequence with live workspace summaries.","Progress
Recent movement across clarity, capability, and consistency, including material changes since your previous state.",No,src/pages/workspace/Dashboard.tsx
67,/os,SECTION 5,2311,Active Work,"Open workflows, decisions, and commitments - including what progressed under prior authorization and what is waiting for you.",,Custom UI; no one-to-one slide,"Personalized overview, objectives, next actions and recent activity. Replaces the source slide sequence with live workspace summaries.","Active Work
Open workflows, decisions, and commitments - including what progressed under prior authorization and what is waiting for you.",No,src/pages/workspace/Dashboard.tsx
67,/os,SECTION 6,2314,Needs Your Judgment,"See anything that paused for approval, crossed a boundary, became materially different, or should be redirected before further progression.",,Custom UI; no one-to-one slide,"Personalized overview, objectives, next actions and recent activity. Replaces the source slide sequence with live workspace summaries.","Needs Your Judgment
See anything that paused for approval, crossed a boundary, became materially different, or should be redirected before further progression.",No,src/pages/workspace/Dashboard.tsx
67,/os,SECTION 7,2317,Insights,"Prioritized context worth reviewing, including changes and progressed activity that became relevant while you were away.",,Custom UI; no one-to-one slide,"Personalized overview, objectives, next actions and recent activity. Replaces the source slide sequence with live workspace summaries.","Insights
Prioritized context worth reviewing, including changes and progressed activity that became relevant while you were away.",No,src/pages/workspace/Dashboard.tsx
67,/os,SECTION 8,2320,Rhythm,"Daily, weekly, or monthly review when due.",,Custom UI; no one-to-one slide,"Personalized overview, objectives, next actions and recent activity. Replaces the source slide sequence with live workspace summaries.","Rhythm
Daily, weekly, or monthly review when due.",No,src/pages/workspace/Dashboard.tsx
67,/os,SECTION 9,2323,Resume the Most Important Work,Continue the highest-priority decision or workflow without rebuilding context from the beginning.,,Custom UI; no one-to-one slide,"Personalized overview, objectives, next actions and recent activity. Replaces the source slide sequence with live workspace summaries.","Resume the Most Important Work
Continue the highest-priority decision or workflow without rebuilding context from the beginning.",No,src/pages/workspace/Dashboard.tsx
68,/os/today,HERO,2333,Start With What Matters Today.,"Move one important objective through clarity, capability, and action.",CTA: Complete Today,Custom UI; no one-to-one slide,Make room for what matters. — Filtered due/review actions with list and board views. Not a complete implementation of the document return-state model.,"Start With What Matters Today.
Move one important objective through clarity, capability, and action.",No,src/pages/workspace/ActionsPage.tsx
68,/os/today,SECTION 2,2337,Clarity,What deserves attention? What is true now?,,Custom UI; no one-to-one slide,Filtered due/review actions with list and board views. Not a complete implementation of the document return-state model.,"Clarity
What deserves attention? What is true now?",No,src/pages/workspace/ActionsPage.tsx
68,/os/today,SECTION 3,2340,Capability,What does the next step require?,,Custom UI; no one-to-one slide,Filtered due/review actions with list and board views. Not a complete implementation of the document return-state model.,"Capability
What does the next step require?",No,src/pages/workspace/ActionsPage.tsx
68,/os/today,SECTION 4,2343,Consistency,What is the next meaningful action?,,Custom UI; no one-to-one slide,Filtered due/review actions with list and board views. Not a complete implementation of the document return-state model.,"Consistency
What is the next meaningful action?",No,src/pages/workspace/ActionsPage.tsx
68,/os/today,SECTION 5,2346,Reflection,What changed? What should carry forward?,,Custom UI; no one-to-one slide,Filtered due/review actions with list and board views. Not a complete implementation of the document return-state model.,"Reflection
What changed? What should carry forward?",No,src/pages/workspace/ActionsPage.tsx
68,/os/today,SECTION 6,2349,Resolve Today's Priority,"Finish with one clear action, owner, or decision - not a longer task list.",CTA: Complete Today,Custom UI; no one-to-one slide,Filtered due/review actions with list and board views. Not a complete implementation of the document return-state model.,"Resolve Today's Priority
Finish with one clear action, owner, or decision - not a longer task list.",No,src/pages/workspace/ActionsPage.tsx
69,/os/clarity,HERO,2360,Understand Before You Act.,"Work through the situation, context, assumptions, and priority before choosing a direction.",CTA: Continue to Capability,Custom UI; no one-to-one slide,"Give your ambition a direction. — Objective cards and editor capture objective, context, success, constraints and priority. Source sections are merged into an interactive flow.","Understand Before You Act.
Work through the situation, context, assumptions, and priority before choosing a direction.",No,src/pages/workspace/Clarity.tsx
69,/os/clarity,SECTION 2,2364,Define the Objective,What are you trying to understand or decide?,,Custom UI; no one-to-one slide,"Objective cards and editor capture objective, context, success, constraints and priority. Source sections are merged into an interactive flow.","Define the Objective
What are you trying to understand or decide?",No,src/pages/workspace/Clarity.tsx
69,/os/clarity,SECTION 3,2367,Add Context,"What information, constraints, or stakeholders matter?",,Custom UI; no one-to-one slide,"Objective cards and editor capture objective, context, success, constraints and priority. Source sections are merged into an interactive flow.","Add Context
What information, constraints, or stakeholders matter?",No,src/pages/workspace/Clarity.tsx
69,/os/clarity,SECTION 4,2370,Surface Assumptions,What are you treating as true?,,Custom UI; no one-to-one slide,"Objective cards and editor capture objective, context, success, constraints and priority. Source sections are merged into an interactive flow.","Surface Assumptions
What are you treating as true?",No,src/pages/workspace/Clarity.tsx
69,/os/clarity,SECTION 5,2373,Set the Priority,What matters most now?,,Custom UI; no one-to-one slide,"Objective cards and editor capture objective, context, success, constraints and priority. Source sections are merged into an interactive flow.","Set the Priority
What matters most now?",No,src/pages/workspace/Clarity.tsx
69,/os/clarity,SECTION 6,2376,Turn Ambiguity Into a Decision Frame,"Leave with a defined objective, relevant context, explicit assumptions, and a clear priority.",CTA: Continue to Capability,Custom UI; no one-to-one slide,"Objective cards and editor capture objective, context, success, constraints and priority. Source sections are merged into an interactive flow.","Turn Ambiguity Into a Decision Frame
Leave with a defined objective, relevant context, explicit assumptions, and a clear priority.",No,src/pages/workspace/Clarity.tsx
70,/os/capability,HERO,2387,What Does the Next Step Require?,"Map the knowledge, resources, methods, support, people, and specialist context needed to act well.",CTA: Continue to Consistency,Custom UI; no one-to-one slide,Build the conditions for progress. — Uses objective success criteria and constraints with an add-action control. No dedicated skills assessment or resource-matching engine.,"What Does the Next Step Require?
Map the knowledge, resources, methods, support, people, and specialist context needed to act well.",No,src/pages/workspace/Capability.tsx
70,/os/capability,SECTION 2,2391,Requirements,"Knowledge
Resources
Methods
People
Decision support
Specialist context",,Custom UI; no one-to-one slide,Uses objective success criteria and constraints with an add-action control. No dedicated skills assessment or resource-matching engine.,"Requirements
Knowledge
Resources
Methods
People
Decision support
Specialist context",No,src/pages/workspace/Capability.tsx
70,/os/capability,SECTION 3,2399,Available Now,What is already in place?,,Custom UI; no one-to-one slide,Uses objective success criteria and constraints with an add-action control. No dedicated skills assessment or resource-matching engine.,"Available Now
What is already in place?",No,src/pages/workspace/Capability.tsx
70,/os/capability,SECTION 4,2402,Gaps,What is missing or weak?,,Custom UI; no one-to-one slide,Uses objective success criteria and constraints with an add-action control. No dedicated skills assessment or resource-matching engine.,"Gaps
What is missing or weak?",No,src/pages/workspace/Capability.tsx
70,/os/capability,SECTION 5,2405,Build / Access / Delegate,Choose how each requirement will be addressed.,,Custom UI; no one-to-one slide,Uses objective success criteria and constraints with an add-action control. No dedicated skills assessment or resource-matching engine.,"Build / Access / Delegate
Choose how each requirement will be addressed.",No,src/pages/workspace/Capability.tsx
70,/os/capability,SECTION 6,2408,Close the Critical Gap First,Prioritize the capability gap that most constrains the objective.,CTA: Continue to Consistency,Custom UI; no one-to-one slide,Uses objective success criteria and constraints with an add-action control. No dedicated skills assessment or resource-matching engine.,"Close the Critical Gap First
Prioritize the capability gap that most constrains the objective.",No,src/pages/workspace/Capability.tsx
71,/os/consistency,HERO,2419,Keep Important Work Moving.,"Turn the decision into actions, commitments, cadence, and review.",CTA: Save Commitment,Custom UI; no one-to-one slide,"Keep the important work moving. — Action creation, status list/board and review controls replace source editorial sections.","Keep Important Work Moving.
Turn the decision into actions, commitments, cadence, and review.",No,src/pages/workspace/ActionsPage.tsx
71,/os/consistency,SECTION 2,2423,Next Action,What moves first?,,Custom UI; no one-to-one slide,"Action creation, status list/board and review controls replace source editorial sections.","Next Action
What moves first?",No,src/pages/workspace/ActionsPage.tsx
71,/os/consistency,SECTION 3,2426,Commitment,Who owns it and by when?,,Custom UI; no one-to-one slide,"Action creation, status list/board and review controls replace source editorial sections.","Commitment
Who owns it and by when?",No,src/pages/workspace/ActionsPage.tsx
71,/os/consistency,SECTION 4,2429,Rhythm,When will progress be reviewed?,,Custom UI; no one-to-one slide,"Action creation, status list/board and review controls replace source editorial sections.","Rhythm
When will progress be reviewed?",No,src/pages/workspace/ActionsPage.tsx
71,/os/consistency,SECTION 5,2432,Adaptation,What evidence would cause you to change the plan?,,Custom UI; no one-to-one slide,"Action creation, status list/board and review controls replace source editorial sections.","Adaptation
What evidence would cause you to change the plan?",No,src/pages/workspace/ActionsPage.tsx
71,/os/consistency,SECTION 6,2435,Convert the Decision Into a Working Commitment,"Finish with an owner, action, timing, and review trigger.",CTA: Save Commitment,Custom UI; no one-to-one slide,"Action creation, status list/board and review controls replace source editorial sections.","Convert the Decision Into a Working Commitment
Finish with an owner, action, timing, and review trigger.",No,src/pages/workspace/ActionsPage.tsx
72,/os/progress,HERO,2446,See What Is Changing Over Time.,"Growth becomes more useful when you can compare the current state with what changed since the previous one.
Review clarity patterns, capability development, consistency, completed actions, reflections, changing conditions, and meaningful outcomes.",,Custom UI; no one-to-one slide,Make your progress visible. — Shares the reflection and completion view with Rhythm; not a distinct analytics surface.,"See What Is Changing Over Time.
Growth becomes more useful when you can compare the current state with what changed since the previous one.
Review clarity patterns, capability development, consistency, completed actions, reflections, changing conditions, and meaningful outcomes.",No,src/pages/workspace/Rhythm.tsx
72,/os/progress,SECTION 2,2450,Clarity Patterns,"Review recurring priorities, assumptions, and decision themes to see where clarity is improving or repeatedly breaking down.",,Custom UI; no one-to-one slide,Shares the reflection and completion view with Rhythm; not a distinct analytics surface.,"Clarity Patterns
Review recurring priorities, assumptions, and decision themes to see where clarity is improving or repeatedly breaking down.",No,src/pages/workspace/Rhythm.tsx
72,/os/progress,SECTION 3,2453,Capability Development,"See which knowledge, resources, methods, or support have strengthened and which gaps still constrain progress.",,Custom UI; no one-to-one slide,Shares the reflection and completion view with Rhythm; not a distinct analytics surface.,"Capability Development
See which knowledge, resources, methods, or support have strengthened and which gaps still constrain progress.",No,src/pages/workspace/Rhythm.tsx
72,/os/progress,SECTION 4,2456,Consistency History,"Review commitments, follow-through, review cadence, and adaptation across completed cycles.",,Custom UI; no one-to-one slide,Shares the reflection and completion view with Rhythm; not a distinct analytics surface.,"Consistency History
Review commitments, follow-through, review cadence, and adaptation across completed cycles.",No,src/pages/workspace/Rhythm.tsx
72,/os/progress,SECTION 5,2459,Completed Actions,Connect finished actions to the decisions and objectives that created them.,,Custom UI; no one-to-one slide,Shares the reflection and completion view with Rhythm; not a distinct analytics surface.,"Completed Actions
Connect finished actions to the decisions and objectives that created them.",No,src/pages/workspace/Rhythm.tsx
72,/os/progress,SECTION 6,2462,Outcomes,Record the results that matter and compare them with the original objective instead of relying on a universal score.,,Custom UI; no one-to-one slide,Shares the reflection and completion view with Rhythm; not a distinct analytics surface.,"Outcomes
Record the results that matter and compare them with the original objective instead of relying on a universal score.",No,src/pages/workspace/Rhythm.tsx
72,/os/progress,SECTION 7,2465,Trace an Outcome Back to the Work,"See which decisions, capabilities, and actions contributed to a result instead of relying on an unexplained growth score.",,Custom UI; no one-to-one slide,Shares the reflection and completion view with Rhythm; not a distinct analytics surface.,"Trace an Outcome Back to the Work
See which decisions, capabilities, and actions contributed to a result instead of relying on an unexplained growth score.",No,src/pages/workspace/Rhythm.tsx
73,/os/rhythm,HERO,2475,Review the Rhythm Behind Continuous Progress.,"Move between today's work, authorized progression since your last review, weekly review, monthly patterns, and history.",,Custom UI; no one-to-one slide,"A rhythm, not a one-time event. — Completion summary and saved reflections. No separate Today/Week/Month/History tabs or automated cadence.","Review the Rhythm Behind Continuous Progress.
Move between today's work, authorized progression since your last review, weekly review, monthly patterns, and history.",No,src/pages/workspace/Rhythm.tsx
73,/os/rhythm,SECTION 2,2478,Today,"Review the current priority, next action, and anything that needs to carry into the day.",,Custom UI; no one-to-one slide,Completion summary and saved reflections. No separate Today/Week/Month/History tabs or automated cadence.,"Today
Review the current priority, next action, and anything that needs to carry into the day.",No,src/pages/workspace/Rhythm.tsx
73,/os/rhythm,SECTION 3,2481,This Week,"See what progressed, what stalled, what repeated, what was overridden, and what requires a change in capability or execution.",,Custom UI; no one-to-one slide,Completion summary and saved reflections. No separate Today/Week/Month/History tabs or automated cadence.,"This Week
See what progressed, what stalled, what repeated, what was overridden, and what requires a change in capability or execution.",No,src/pages/workspace/Rhythm.tsx
73,/os/rhythm,SECTION 4,2484,This Month,"Step back from individual tasks to review patterns, outcomes, capability changes, and strategic movement.",,Custom UI; no one-to-one slide,Completion summary and saved reflections. No separate Today/Week/Month/History tabs or automated cadence.,"This Month
Step back from individual tasks to review patterns, outcomes, capability changes, and strategic movement.",No,src/pages/workspace/Rhythm.tsx
73,/os/rhythm,SECTION 5,2487,History,"Trace prior cycles, permissions, overrides, changes, and lessons so useful context remains available and comparable over time.",,Custom UI; no one-to-one slide,Completion summary and saved reflections. No separate Today/Week/Month/History tabs or automated cadence.,"History
Trace prior cycles, permissions, overrides, changes, and lessons so useful context remains available and comparable over time.",No,src/pages/workspace/Rhythm.tsx
73,/os/rhythm,SECTION 6,2490,Carry Learning Forward,Turn a recurring weekly blocker into a capability or workflow improvement for the next cycle.,,Custom UI; no one-to-one slide,Completion summary and saved reflections. No separate Today/Week/Month/History tabs or automated cadence.,"Carry Learning Forward
Turn a recurring weekly blocker into a capability or workflow improvement for the next cycle.",No,src/pages/workspace/Rhythm.tsx
74,/os/companion,HERO,2500,What Are You Working Through?,"Describe the decision, challenge, opportunity, or objective. Add the context that matters and set what may continue progressing between interactions. You remain able to review, redirect, pause, revoke, or override what happens next.",,Custom UI; no one-to-one slide,"What are you working through? — Guided objective → context → next-action form. No live AI inference, continuous intelligence or autonomous progression.","What Are You Working Through?
Describe the decision, challenge, opportunity, or objective. Add the context that matters and set what may continue progressing between interactions. You remain able to review, redirect, pause, revoke, or override what happens next.",No,src/pages/workspace/Companion.tsx
74,/os/companion,SECTION 2,2503,Objective,"State the decision, challenge, opportunity, or result you want to move forward.",,Custom UI; no one-to-one slide,"Guided objective → context → next-action form. No live AI inference, continuous intelligence or autonomous progression.","Objective
State the decision, challenge, opportunity, or result you want to move forward.",No,src/pages/workspace/Companion.tsx
74,/os/companion,SECTION 3,2506,Context,"Add the information, constraints, people, prior decisions, connected data, permitted update sources, and progression boundaries that materially affect the objective.",,Custom UI; no one-to-one slide,"Guided objective → context → next-action form. No live AI inference, continuous intelligence or autonomous progression. Literal source text also found in component: Context","Context
Add the information, constraints, people, prior decisions, connected data, permitted update sources, and progression boundaries that materially affect the objective.",No,src/pages/workspace/Companion.tsx
74,/os/companion,SECTION 4,2509,Relevant Intelligence,The Companion brings forward the intelligence and support that fit the objective.,,Custom UI; no one-to-one slide,"Guided objective → context → next-action form. No live AI inference, continuous intelligence or autonomous progression.","Relevant Intelligence
The Companion brings forward the intelligence and support that fit the objective.",No,src/pages/workspace/Companion.tsx
74,/os/companion,SECTION 5,2512,Recommendation,"Review reasoning, assumptions, uncertainty, progressed activity, governing permission, and next actions where available.",,Custom UI; no one-to-one slide,"Guided objective → context → next-action form. No live AI inference, continuous intelligence or autonomous progression.","Recommendation
Review reasoning, assumptions, uncertainty, progressed activity, governing permission, and next actions where available.",No,src/pages/workspace/Companion.tsx
74,/os/companion,SECTION 6,2515,Move From Question to Execution,"Clarify the objective, inspect the analysis and any progressed activity, then continue, redirect, override, approve, pause, revoke, or create the next action or workflow.",,Custom UI; no one-to-one slide,"Guided objective → context → next-action form. No live AI inference, continuous intelligence or autonomous progression.","Move From Question to Execution
Clarify the objective, inspect the analysis and any progressed activity, then continue, redirect, override, approve, pause, revoke, or create the next action or workflow.",No,src/pages/workspace/Companion.tsx
75,/os/insights,HERO,2525,Insights Worth Your Attention,"The priority is not more alerts. It is a calm explanation of the changes that now matter.
Review prioritized observations tied to your active context and work, including material changes and authorized progression since the previous state.",,Planned placeholder,This part of the journey is ahead.. All original sections are replaced by one generic planned-module view after workspace access.,"Insights Worth Your Attention
The priority is not more alerts. It is a calm explanation of the changes that now matter.
Review prioritized observations tied to your active context and work, including material changes and authorized progression since the previous state.",No,src/pages/workspace/PlannedModule.tsx
75,/os/insights,SECTION 2,2529,Each Material Insight Should Show,"What changed
Why it matters
Context or source
Permission / authority basis
Last updated / progressed
Assumptions
Uncertainty where relevant
Suggested next action
Continue / redirect / pause / override",,Planned placeholder,This part of the journey is ahead.. All original sections are replaced by one generic planned-module view after workspace access.,"Each Material Insight Should Show
What changed
Why it matters
Context or source
Permission / authority basis
Last updated / progressed
Assumptions
Uncertainty where relevant
Suggested next action
Continue / redirect / pause / override",No,src/pages/workspace/PlannedModule.tsx
75,/os/insights,SECTION 3,2540,Turn an Insight Into Action,"Review the evidence, accept or reject the interpretation, then create a decision or workflow only when warranted.",,Planned placeholder,This part of the journey is ahead.. All original sections are replaced by one generic planned-module view after workspace access.,"Turn an Insight Into Action
Review the evidence, accept or reject the interpretation, then create a decision or workflow only when warranted.",No,src/pages/workspace/PlannedModule.tsx
76,/os/business,HERO,2550,Your Business Context,"See the priorities, operations, finances, people, opportunities, and active execution shaping the business.",,Planned placeholder,This part of the journey is ahead.. All original sections are replaced by one generic planned-module view after workspace access.,"Your Business Context
See the priorities, operations, finances, people, opportunities, and active execution shaping the business.",No,src/pages/workspace/PlannedModule.tsx
76,/os/business,SECTION 2,2553,Current Priorities,See the business priorities that need attention now and why they matter.,,Planned placeholder,This part of the journey is ahead.. All original sections are replaced by one generic planned-module view after workspace access.,"Current Priorities
See the business priorities that need attention now and why they matter.",No,src/pages/workspace/PlannedModule.tsx
76,/os/business,SECTION 3,2556,Operational Clarity,"Review bottlenecks, dependencies, recurring friction, and operating assumptions shaping performance.",,Planned placeholder,This part of the journey is ahead.. All original sections are replaced by one generic planned-module view after workspace access.,"Operational Clarity
Review bottlenecks, dependencies, recurring friction, and operating assumptions shaping performance.",No,src/pages/workspace/PlannedModule.tsx
76,/os/business,SECTION 4,2559,Financial Context,"Bring cash, runway, pricing, scenarios, and financial implications into relevant business decisions.",,Planned placeholder,This part of the journey is ahead.. All original sections are replaced by one generic planned-module view after workspace access.,"Financial Context
Bring cash, runway, pricing, scenarios, and financial implications into relevant business decisions.",No,src/pages/workspace/PlannedModule.tsx
76,/os/business,SECTION 5,2562,People & Capability,"See the strengths, gaps, role requirements, and team capacity affecting the plan.",,Planned placeholder,This part of the journey is ahead.. All original sections are replaced by one generic planned-module view after workspace access.,"People & Capability
See the strengths, gaps, role requirements, and team capacity affecting the plan.",No,src/pages/workspace/PlannedModule.tsx
76,/os/business,SECTION 6,2565,Opportunities,"Compare growth options against resources, timing, expected value, and execution demand.",,Planned placeholder,This part of the journey is ahead.. All original sections are replaced by one generic planned-module view after workspace access.,"Opportunities
Compare growth options against resources, timing, expected value, and execution demand.",No,src/pages/workspace/PlannedModule.tsx
76,/os/business,SECTION 7,2568,Workflows,Track the structured work turning approved decisions into coordinated execution.,,Planned placeholder,This part of the journey is ahead.. All original sections are replaced by one generic planned-module view after workspace access.,"Workflows
Track the structured work turning approved decisions into coordinated execution.",No,src/pages/workspace/PlannedModule.tsx
76,/os/business,SECTION 8,2571,Recent Decisions,"Review important decisions, their reasoning, owners, and resulting actions.
SECTION 9",,Planned placeholder,This part of the journey is ahead.. All original sections are replaced by one generic planned-module view after workspace access.,"Recent Decisions
Review important decisions, their reasoning, owners, and resulting actions.
SECTION 9",No,src/pages/workspace/PlannedModule.tsx
76,/os/business,SECTION 9 / SECTION - COMMERCIAL EXECUTION,2575,Commercial Work,"Manage proposal, structured scope, acceptance criteria, agreement, milestones, invoice, delivery evidence, verification, authorized approval, payment release, and reconciliation as one connected operating record where those capabilities are available.
Keep commercial decisions tied to the objective, responsible parties, evidence, and approval boundaries rather than scattering them across unrelated documents and payment steps.
Improve Margin
Connect cost drivers, pricing, workflow efficiency, capability, and growth priorities in one working view.",,Planned placeholder,This part of the journey is ahead.. All original sections are replaced by one generic planned-module view after workspace access.,"Commercial Work
Manage proposal, structured scope, acceptance criteria, agreement, milestones, invoice, delivery evidence, verification, authorized approval, payment release, and reconciliation as one connected operating record where those capabilities are available.
Keep commercial decisions tied to the objective, responsible parties, evidence, and approval boundaries rather than scattering them across unrelated documents and payment steps.
Improve Margin
Connect cost drivers, pricing, workflow efficiency, capability, and growth priorities in one working view.",No,src/pages/workspace/PlannedModule.tsx
77,/os/opportunities,HERO,2588,Explore Where You Could Go Next.,"Compare opportunities against current position, expected value, required capability, trade-offs, and assumptions.",,Planned placeholder,This part of the journey is ahead.. All original sections are replaced by one generic planned-module view after workspace access.,"Explore Where You Could Go Next.
Compare opportunities against current position, expected value, required capability, trade-offs, and assumptions.",No,src/pages/workspace/PlannedModule.tsx
77,/os/opportunities,SECTION 2,2591,Opportunity,Define the opportunity clearly enough to compare it with alternatives.,,Planned placeholder,This part of the journey is ahead.. All original sections are replaced by one generic planned-module view after workspace access.,"Opportunity
Define the opportunity clearly enough to compare it with alternatives.",No,src/pages/workspace/PlannedModule.tsx
77,/os/opportunities,SECTION 3,2594,Why It Matters,"Connect the opportunity to the objective, audience, market, or organizational priority it serves.",,Planned placeholder,This part of the journey is ahead.. All original sections are replaced by one generic planned-module view after workspace access.,"Why It Matters
Connect the opportunity to the objective, audience, market, or organizational priority it serves.",No,src/pages/workspace/PlannedModule.tsx
77,/os/opportunities,SECTION 4,2597,Potential Impact,"Estimate the value, reach, efficiency, learning, or strategic effect the opportunity could create.",,Planned placeholder,This part of the journey is ahead.. All original sections are replaced by one generic planned-module view after workspace access.,"Potential Impact
Estimate the value, reach, efficiency, learning, or strategic effect the opportunity could create.",No,src/pages/workspace/PlannedModule.tsx
77,/os/opportunities,SECTION 5,2600,Required Capability,"Identify the people, resources, knowledge, systems, and funding required to pursue it.",,Planned placeholder,This part of the journey is ahead.. All original sections are replaced by one generic planned-module view after workspace access.,"Required Capability
Identify the people, resources, knowledge, systems, and funding required to pursue it.",No,src/pages/workspace/PlannedModule.tsx
77,/os/opportunities,SECTION 6,2603,Trade-Offs,"Make the cost, timing, risk, and opportunity cost visible before choosing a direction.",,Planned placeholder,This part of the journey is ahead.. All original sections are replaced by one generic planned-module view after workspace access.,"Trade-Offs
Make the cost, timing, risk, and opportunity cost visible before choosing a direction.",No,src/pages/workspace/PlannedModule.tsx
77,/os/opportunities,SECTION 7,2606,Assumptions,State what must be true for the opportunity case to hold.,,Planned placeholder,This part of the journey is ahead.. All original sections are replaced by one generic planned-module view after workspace access.,"Assumptions
State what must be true for the opportunity case to hold.",No,src/pages/workspace/PlannedModule.tsx
77,/os/opportunities,SECTION 8,2609,Pathway,"Turn the chosen opportunity into milestones, decisions, owners, and next actions.",,Planned placeholder,This part of the journey is ahead.. All original sections are replaced by one generic planned-module view after workspace access.,"Pathway
Turn the chosen opportunity into milestones, decisions, owners, and next actions.",No,src/pages/workspace/PlannedModule.tsx
77,/os/opportunities,SECTION 9,2612,Choose Between Two Growth Paths,"Compare expected value, financial implications, capability needs, timing, and execution burden before selecting a route.",,Planned placeholder,This part of the journey is ahead.. All original sections are replaced by one generic planned-module view after workspace access.,"Choose Between Two Growth Paths
Compare expected value, financial implications, capability needs, timing, and execution burden before selecting a route.",No,src/pages/workspace/PlannedModule.tsx
78,/os/finance,HERO,2622,Understand the Financial Context Behind the Decision.,"Use current inputs and explicit assumptions to explore cash, runway, forecasts, scenarios, pricing, and decision impact.",,Planned placeholder,This part of the journey is ahead.. All original sections are replaced by one generic planned-module view after workspace access.,"Understand the Financial Context Behind the Decision.
Use current inputs and explicit assumptions to explore cash, runway, forecasts, scenarios, pricing, and decision impact.",No,src/pages/workspace/PlannedModule.tsx
78,/os/finance,SECTION 2,2625,Cash Position,See the current cash picture using the latest available inputs and clearly defined scope.,,Planned placeholder,This part of the journey is ahead.. All original sections are replaced by one generic planned-module view after workspace access.,"Cash Position
See the current cash picture using the latest available inputs and clearly defined scope.",No,src/pages/workspace/PlannedModule.tsx
78,/os/finance,SECTION 3,2628,Runway,Estimate how long the current position supports the plan under stated assumptions.,,Planned placeholder,This part of the journey is ahead.. All original sections are replaced by one generic planned-module view after workspace access.,"Runway
Estimate how long the current position supports the plan under stated assumptions.",No,src/pages/workspace/PlannedModule.tsx
78,/os/finance,SECTION 4,2631,Forecast,Project expected movement over time and keep assumptions visible beside the result.,,Planned placeholder,This part of the journey is ahead.. All original sections are replaced by one generic planned-module view after workspace access.,"Forecast
Project expected movement over time and keep assumptions visible beside the result.",No,src/pages/workspace/PlannedModule.tsx
78,/os/finance,SECTION 5,2634,Scenario Comparison,"Compare base, conservative, and growth cases before committing to a consequential decision.",,Planned placeholder,This part of the journey is ahead.. All original sections are replaced by one generic planned-module view after workspace access.,"Scenario Comparison
Compare base, conservative, and growth cases before committing to a consequential decision.",No,src/pages/workspace/PlannedModule.tsx
78,/os/finance,SECTION 6,2637,Pricing,"Test how price, volume, margin, and cost assumptions affect the business case.",,Planned placeholder,This part of the journey is ahead.. All original sections are replaced by one generic planned-module view after workspace access.,"Pricing
Test how price, volume, margin, and cost assumptions affect the business case.",No,src/pages/workspace/PlannedModule.tsx
78,/os/finance,SECTION 7,2640,Decision Impact,"See how a proposed action changes cash, runway, forecast, or other selected financial measures.",,Planned placeholder,This part of the journey is ahead.. All original sections are replaced by one generic planned-module view after workspace access.,"Decision Impact
See how a proposed action changes cash, runway, forecast, or other selected financial measures.",No,src/pages/workspace/PlannedModule.tsx
78,/os/finance,SECTION 8,2643,Assumptions,Review and edit the inputs driving each calculation or scenario.,,Planned placeholder,This part of the journey is ahead.. All original sections are replaced by one generic planned-module view after workspace access.,"Assumptions
Review and edit the inputs driving each calculation or scenario.",No,src/pages/workspace/PlannedModule.tsx
78,/os/finance,SECTION 9,2646,Test a Hiring Plan,"Compare base, conservative, and growth scenarios before adding headcount.
SECTION 10",,Planned placeholder,This part of the journey is ahead.. All original sections are replaced by one generic planned-module view after workspace access.,"Test a Hiring Plan
Compare base, conservative, and growth scenarios before adding headcount.
SECTION 10",No,src/pages/workspace/PlannedModule.tsx
78,/os/finance,SECTION 10 / SECTION - CONSEQUENTIAL FINANCE,2650,Analysis Is Not Financial Authority,"Use financial intelligence to understand implications and compare scenarios. Material spending, payment, transfer, contractual, or other consequential finance actions remain subject to the applicable role, policy, approval, and delegated-authority controls.
Decision Support Notice
Financial outputs depend on the information and assumptions provided. Review the inputs before making consequential decisions.",,Planned placeholder,This part of the journey is ahead.. All original sections are replaced by one generic planned-module view after workspace access.,"Analysis Is Not Financial Authority
Use financial intelligence to understand implications and compare scenarios. Material spending, payment, transfer, contractual, or other consequential finance actions remain subject to the applicable role, policy, approval, and delegated-authority controls.
Decision Support Notice
Financial outputs depend on the information and assumptions provided. Review the inputs before making consequential decisions.",No,src/pages/workspace/PlannedModule.tsx
79,/os/people,HERO,2662,Understand What the Work Requires.,"See capability requirements, strengths, gaps, alignment, and development needs in context.",,Planned placeholder,This part of the journey is ahead.. All original sections are replaced by one generic planned-module view after workspace access.,"Understand What the Work Requires.
See capability requirements, strengths, gaps, alignment, and development needs in context.",No,src/pages/workspace/PlannedModule.tsx
79,/os/people,SECTION 2,2665,Capability Requirements,"Define what the objective requires from roles, skills, knowledge, systems, and support.",,Planned placeholder,This part of the journey is ahead.. All original sections are replaced by one generic planned-module view after workspace access.,"Capability Requirements
Define what the objective requires from roles, skills, knowledge, systems, and support.",No,src/pages/workspace/PlannedModule.tsx
79,/os/people,SECTION 3,2668,Strengths,See which existing capabilities already support the work.,,Planned placeholder,This part of the journey is ahead.. All original sections are replaced by one generic planned-module view after workspace access.,"Strengths
See which existing capabilities already support the work.",No,src/pages/workspace/PlannedModule.tsx
79,/os/people,SECTION 4,2671,Gaps,Identify the missing or weak capabilities most likely to constrain the objective.,,Planned placeholder,This part of the journey is ahead.. All original sections are replaced by one generic planned-module view after workspace access.,"Gaps
Identify the missing or weak capabilities most likely to constrain the objective.",No,src/pages/workspace/PlannedModule.tsx
79,/os/people,SECTION 5,2674,Team Alignment,"Compare priorities, responsibilities, and capability across the people contributing to the work.",,Planned placeholder,This part of the journey is ahead.. All original sections are replaced by one generic planned-module view after workspace access.,"Team Alignment
Compare priorities, responsibilities, and capability across the people contributing to the work.",No,src/pages/workspace/PlannedModule.tsx
79,/os/people,SECTION 6,2677,Development Needs,"Turn critical gaps into focused development, hiring, access, or delegation actions.",,Planned placeholder,This part of the journey is ahead.. All original sections are replaced by one generic planned-module view after workspace access.,"Development Needs
Turn critical gaps into focused development, hiring, access, or delegation actions.",No,src/pages/workspace/PlannedModule.tsx
79,/os/people,SECTION 7,2680,Role Requirements,Clarify what each role needs to contribute without reducing people to a single score.,,Planned placeholder,This part of the journey is ahead.. All original sections are replaced by one generic planned-module view after workspace access.,"Role Requirements
Clarify what each role needs to contribute without reducing people to a single score.",No,src/pages/workspace/PlannedModule.tsx
79,/os/people,SECTION 8,2683,Prepare a Team for a New Operating Model,"Map required capabilities, current strengths, critical gaps, development actions, and workflow changes.",,Planned placeholder,This part of the journey is ahead.. All original sections are replaced by one generic planned-module view after workspace access.,"Prepare a Team for a New Operating Model
Map required capabilities, current strengths, critical gaps, development actions, and workflow changes.",No,src/pages/workspace/PlannedModule.tsx
79,/os/people,SECTION 9,2686,People Are More Than a Score,Use evidence and context. Avoid unexplained single-number judgments.,,Planned placeholder,This part of the journey is ahead.. All original sections are replaced by one generic planned-module view after workspace access.,"People Are More Than a Score
Use evidence and context. Avoid unexplained single-number judgments.",No,src/pages/workspace/PlannedModule.tsx
80,/os/workflows,HERO,2696,Turn Decisions Into Execution.,"Create, review, and continue the workflows that move important work forward.",CTA: Create Workflow,Custom UI; no one-to-one slide,"See how the work moves. — Reuses the action tracker. No dependency graph, multi-owner workflow builder or commercial acceptance engine.","Turn Decisions Into Execution.
Create, review, and continue the workflows that move important work forward.",No,src/pages/workspace/ActionsPage.tsx
80,/os/workflows,SECTION 2,2700,Active Workflows,"See work in progress, what continued under prior authorization, current status, owners, dependencies, approvals, and next actions.",,Custom UI; no one-to-one slide,"Reuses the action tracker. No dependency graph, multi-owner workflow builder or commercial acceptance engine.","Active Workflows
See work in progress, what continued under prior authorization, current status, owners, dependencies, approvals, and next actions.",No,src/pages/workspace/ActionsPage.tsx
80,/os/workflows,SECTION 3,2703,Templates,Start from approved repeatable patterns when a process occurs often enough to justify structure.,,Custom UI; no one-to-one slide,"Reuses the action tracker. No dependency graph, multi-owner workflow builder or commercial acceptance engine.","Templates
Start from approved repeatable patterns when a process occurs often enough to justify structure.",No,src/pages/workspace/ActionsPage.tsx
80,/os/workflows,SECTION 4,2706,Suggested Workflows,Review workflow suggestions generated from the objective and context before creating them. Suggestions never inherit execution authority automatically.,,Custom UI; no one-to-one slide,"Reuses the action tracker. No dependency graph, multi-owner workflow builder or commercial acceptance engine.","Suggested Workflows
Review workflow suggestions generated from the objective and context before creating them. Suggestions never inherit execution authority automatically.",No,src/pages/workspace/ActionsPage.tsx
80,/os/workflows,SECTION 5,2709,Completed Workflows,"Review finished workflows, outcomes, and lessons that may improve future execution.
SECTION 6",,Custom UI; no one-to-one slide,"Reuses the action tracker. No dependency graph, multi-owner workflow builder or commercial acceptance engine.","Completed Workflows
Review finished workflows, outcomes, and lessons that may improve future execution.
SECTION 6",No,src/pages/workspace/ActionsPage.tsx
80,/os/workflows,SECTION 6 / SECTION - VERIFIED DELIVERY,2713,Commercial Delivery Workflows,"Where a workflow governs paid delivery, carry the structured scope, acceptance criteria, milestone value, evidence requirements, verification result, approval state, revision history, and release condition with the work.
AI-assisted verification can support the decision. It does not independently authorize consequential payment release by default.
Convert a Decision Into a Repeatable Process
Start from an approved decision, add owners, dependencies, approval boundaries, and progression permissions, then save the pattern when repetition creates value.",CTA: Create Workflow,Custom UI; no one-to-one slide,"Reuses the action tracker. No dependency graph, multi-owner workflow builder or commercial acceptance engine.","Commercial Delivery Workflows
Where a workflow governs paid delivery, carry the structured scope, acceptance criteria, milestone value, evidence requirements, verification result, approval state, revision history, and release condition with the work.
AI-assisted verification can support the decision. It does not independently authorize consequential payment release by default.
Convert a Decision Into a Repeatable Process
Start from an approved decision, add owners, dependencies, approval boundaries, and progression permissions, then save the pattern when repetition creates value.",No,src/pages/workspace/ActionsPage.tsx
81,/os/workflows/[id],HERO,2727,Build the Work Around the Outcome.,"Structure steps, ownership, dependencies, approvals, status, and review around a defined result.",,Planned placeholder,This part of the journey is ahead.. All original sections are replaced by one generic planned-module view after workspace access.,"Build the Work Around the Outcome.
Structure steps, ownership, dependencies, approvals, status, and review around a defined result.",No,src/pages/workspace/PlannedModule.tsx
81,/os/workflows/[id],SECTION 2,2730,Outcome,Define the result the workflow is intended to produce before adding steps.,,Planned placeholder,This part of the journey is ahead.. All original sections are replaced by one generic planned-module view after workspace access.,"Outcome
Define the result the workflow is intended to produce before adding steps.",No,src/pages/workspace/PlannedModule.tsx
81,/os/workflows/[id],SECTION 3,2733,Steps,"Break the work into clear actions that can be completed, reviewed, or handed off.",,Planned placeholder,This part of the journey is ahead.. All original sections are replaced by one generic planned-module view after workspace access.,"Steps
Break the work into clear actions that can be completed, reviewed, or handed off.",No,src/pages/workspace/PlannedModule.tsx
81,/os/workflows/[id],SECTION 4,2736,Owners,Assign responsibility so each action has a clear accountable person or role.,,Planned placeholder,This part of the journey is ahead.. All original sections are replaced by one generic planned-module view after workspace access.,"Owners
Assign responsibility so each action has a clear accountable person or role.",No,src/pages/workspace/PlannedModule.tsx
81,/os/workflows/[id],SECTION 5,2739,Dependencies,"Show what must happen first, what can run in parallel, and where blockers may appear.",,Planned placeholder,This part of the journey is ahead.. All original sections are replaced by one generic planned-module view after workspace access.,"Dependencies
Show what must happen first, what can run in parallel, and where blockers may appear.",No,src/pages/workspace/PlannedModule.tsx
81,/os/workflows/[id],SECTION 6,2742,Approvals,"Define what may progress automatically, what must pause for approval, who can override it, and where policy, risk, or consequence requires human authorization.",,Planned placeholder,This part of the journey is ahead.. All original sections are replaced by one generic planned-module view after workspace access.,"Approvals
Define what may progress automatically, what must pause for approval, who can override it, and where policy, risk, or consequence requires human authorization.",No,src/pages/workspace/PlannedModule.tsx
81,/os/workflows/[id],SECTION 7,2745,Status,"See what is planned, active, progressed automatically, blocked, awaiting approval, paused, overridden, completed, or changed.",,Planned placeholder,This part of the journey is ahead.. All original sections are replaced by one generic planned-module view after workspace access.,"Status
See what is planned, active, progressed automatically, blocked, awaiting approval, paused, overridden, completed, or changed.",No,src/pages/workspace/PlannedModule.tsx
81,/os/workflows/[id],SECTION 8,2748,Suggested Next Actions,Review context-based suggestions before adding them to the workflow.,,Planned placeholder,This part of the journey is ahead.. All original sections are replaced by one generic planned-module view after workspace access.,"Suggested Next Actions
Review context-based suggestions before adding them to the workflow.",No,src/pages/workspace/PlannedModule.tsx
81,/os/workflows/[id],SECTION 9,2751,History,"Keep a traceable record of material workflow changes, progression permissions, approvals, overrides, reversals, decisions, and outcomes.
SECTION 10",,Planned placeholder,This part of the journey is ahead.. All original sections are replaced by one generic planned-module view after workspace access.,"History
Keep a traceable record of material workflow changes, progression permissions, approvals, overrides, reversals, decisions, and outcomes.
SECTION 10",No,src/pages/workspace/PlannedModule.tsx
81,/os/workflows/[id],SECTION 10 / SECTION - ACCEPTANCE & EVIDENCE,2755,Define How Completion Will Be Judged,"For deliverable-based work, define outputs, acceptance criteria, evidence requirements, milestone value, revision rules, and release conditions before execution. Verification should show which criteria are satisfied, partially satisfied, not satisfied, or cannot be reliably determined, together with the evidence and confidence behind the assessment.
Launch a New Service
Move from approved strategy to pricing, capability preparation, launch steps, ownership, approvals, and review.",,Planned placeholder,This part of the journey is ahead.. All original sections are replaced by one generic planned-module view after workspace access.,"Define How Completion Will Be Judged
For deliverable-based work, define outputs, acceptance criteria, evidence requirements, milestone value, revision rules, and release conditions before execution. Verification should show which criteria are satisfied, partially satisfied, not satisfied, or cannot be reliably determined, together with the evidence and confidence behind the assessment.
Launch a New Service
Move from approved strategy to pricing, capability preparation, launch steps, ownership, approvals, and review.",No,src/pages/workspace/PlannedModule.tsx
82,/os/organization,HERO,2767,See the Organization in Context.,"Connect priorities, teams, capability, workflows, rhythm, governance, and organizational insights in an operating context that can keep relevant change current over time.",,Planned placeholder,This part of the journey is ahead.. All original sections are replaced by one generic planned-module view after workspace access.,"See the Organization in Context.
Connect priorities, teams, capability, workflows, rhythm, governance, and organizational insights in an operating context that can keep relevant change current over time.",No,src/pages/workspace/PlannedModule.tsx
82,/os/organization,SECTION 2,2770,Priorities,See the organization-level outcomes and decisions that need shared attention.,,Planned placeholder,This part of the journey is ahead.. All original sections are replaced by one generic planned-module view after workspace access.,"Priorities
See the organization-level outcomes and decisions that need shared attention.",No,src/pages/workspace/PlannedModule.tsx
82,/os/organization,SECTION 3,2773,Teams,Understand which teams own the work and how their responsibilities connect.,,Planned placeholder,This part of the journey is ahead.. All original sections are replaced by one generic planned-module view after workspace access.,"Teams
Understand which teams own the work and how their responsibilities connect.",No,src/pages/workspace/PlannedModule.tsx
82,/os/organization,SECTION 4,2776,Capability,Review organizational strengths and constraints against current priorities.,,Planned placeholder,This part of the journey is ahead.. All original sections are replaced by one generic planned-module view after workspace access.,"Capability
Review organizational strengths and constraints against current priorities.",No,src/pages/workspace/PlannedModule.tsx
82,/os/organization,SECTION 5,2779,Rhythm,"Connect daily and team activity to weekly, monthly, and organization-level review.",,Planned placeholder,This part of the journey is ahead.. All original sections are replaced by one generic planned-module view after workspace access.,"Rhythm
Connect daily and team activity to weekly, monthly, and organization-level review.",No,src/pages/workspace/PlannedModule.tsx
82,/os/organization,SECTION 6,2782,Workflows,See coordinated execution across functions without exposing every workflow to every user.,,Planned placeholder,This part of the journey is ahead.. All original sections are replaced by one generic planned-module view after workspace access.,"Workflows
See coordinated execution across functions without exposing every workflow to every user.",No,src/pages/workspace/PlannedModule.tsx
82,/os/organization,SECTION 7,2785,Insights,"Review cross-team patterns and material changes that warrant attention, including what changed since the last organizational review.",,Planned placeholder,This part of the journey is ahead.. All original sections are replaced by one generic planned-module view after workspace access.,"Insights
Review cross-team patterns and material changes that warrant attention, including what changed since the last organizational review.",No,src/pages/workspace/PlannedModule.tsx
82,/os/organization,SECTION 8,2788,Governance,"Apply roles, policies, approvals, and accountability to the organizational context.",,Planned placeholder,This part of the journey is ahead.. All original sections are replaced by one generic planned-module view after workspace access.,"Governance
Apply roles, policies, approvals, and accountability to the organizational context.",No,src/pages/workspace/PlannedModule.tsx
82,/os/organization,SECTION 9,2791,Align Strategy and Delivery,"Connect strategic priorities to business units, capability readiness, active workflows, blockers, and review cadence.",,Planned placeholder,This part of the journey is ahead.. All original sections are replaced by one generic planned-module view after workspace access.,"Align Strategy and Delivery
Connect strategic priorities to business units, capability readiness, active workflows, blockers, and review cadence.",No,src/pages/workspace/PlannedModule.tsx
83,/os/teams,HERO,2801,Teams,"See each team's priorities, membership, capability, active work, and operating rhythm.",,Planned placeholder,This part of the journey is ahead.. All original sections are replaced by one generic planned-module view after workspace access.,"Teams
See each team's priorities, membership, capability, active work, and operating rhythm.",No,src/pages/workspace/PlannedModule.tsx
83,/os/teams,SECTION 2,2804,Team Overview,"See the team purpose, active priorities, membership, capability, and current work in one view.",,Planned placeholder,This part of the journey is ahead.. All original sections are replaced by one generic planned-module view after workspace access.,"Team Overview
See the team purpose, active priorities, membership, capability, and current work in one view.",No,src/pages/workspace/PlannedModule.tsx
83,/os/teams,SECTION 3,2807,Members & Roles,"Understand who is involved, what each role owns, and what access applies.",,Planned placeholder,This part of the journey is ahead.. All original sections are replaced by one generic planned-module view after workspace access.,"Members & Roles
Understand who is involved, what each role owns, and what access applies.",No,src/pages/workspace/PlannedModule.tsx
83,/os/teams,SECTION 4,2810,Priorities,Keep the team focused on the outcomes that matter now.,,Planned placeholder,This part of the journey is ahead.. All original sections are replaced by one generic planned-module view after workspace access.,"Priorities
Keep the team focused on the outcomes that matter now.",No,src/pages/workspace/PlannedModule.tsx
83,/os/teams,SECTION 5,2813,Capability,Review what the team can already do and where the work requires additional support.,,Planned placeholder,This part of the journey is ahead.. All original sections are replaced by one generic planned-module view after workspace access.,"Capability
Review what the team can already do and where the work requires additional support.",No,src/pages/workspace/PlannedModule.tsx
83,/os/teams,SECTION 6,2816,Active Work,"See decisions, workflows, commitments, and blockers connected to the team.",,Planned placeholder,This part of the journey is ahead.. All original sections are replaced by one generic planned-module view after workspace access.,"Active Work
See decisions, workflows, commitments, and blockers connected to the team.",No,src/pages/workspace/PlannedModule.tsx
83,/os/teams,SECTION 7,2819,Rhythm,Review progress and recurring issues at the cadence the team needs.,,Planned placeholder,This part of the journey is ahead.. All original sections are replaced by one generic planned-module view after workspace access.,"Rhythm
Review progress and recurring issues at the cadence the team needs.",No,src/pages/workspace/PlannedModule.tsx
83,/os/teams,SECTION 8,2822,Coordinate Two Dependent Teams,"Make dependencies, ownership, shared milestones, and blockers visible in both contexts.",,Planned placeholder,This part of the journey is ahead.. All original sections are replaced by one generic planned-module view after workspace access.,"Coordinate Two Dependent Teams
Make dependencies, ownership, shared milestones, and blockers visible in both contexts.",No,src/pages/workspace/PlannedModule.tsx
84,/os/organization/rhythm,HERO,2832,Shared Clarity. Shared Capability. Shared Consistency.,"Organizational Rhythm converts continuously changing context into deliberate human review and coordinated action.
Review organizational priorities, cross-team blockers, capability patterns, execution rhythm, and changes accumulated between formal reviews in one cadence.",,Planned placeholder,This part of the journey is ahead.. All original sections are replaced by one generic planned-module view after workspace access.,"Shared Clarity. Shared Capability. Shared Consistency.
Organizational Rhythm converts continuously changing context into deliberate human review and coordinated action.
Review organizational priorities, cross-team blockers, capability patterns, execution rhythm, and changes accumulated between formal reviews in one cadence.",No,src/pages/workspace/PlannedModule.tsx
84,/os/organization/rhythm,SECTION 2,2836,Shared Priorities,Review organization-level priorities and how teams contribute to them.,,Planned placeholder,This part of the journey is ahead.. All original sections are replaced by one generic planned-module view after workspace access.,"Shared Priorities
Review organization-level priorities and how teams contribute to them.",No,src/pages/workspace/PlannedModule.tsx
84,/os/organization/rhythm,SECTION 3,2839,Cross-Team Blockers,Surface dependencies and constraints that cannot be resolved inside one team.,,Planned placeholder,This part of the journey is ahead.. All original sections are replaced by one generic planned-module view after workspace access.,"Cross-Team Blockers
Surface dependencies and constraints that cannot be resolved inside one team.",No,src/pages/workspace/PlannedModule.tsx
84,/os/organization/rhythm,SECTION 4,2842,Capability Patterns,Identify repeated capability strengths or gaps across teams and functions.,,Planned placeholder,This part of the journey is ahead.. All original sections are replaced by one generic planned-module view after workspace access.,"Capability Patterns
Identify repeated capability strengths or gaps across teams and functions.",No,src/pages/workspace/PlannedModule.tsx
84,/os/organization/rhythm,SECTION 5,2845,Execution Rhythm,"Compare movement, follow-through, and review patterns across the operating cadence.",,Planned placeholder,This part of the journey is ahead.. All original sections are replaced by one generic planned-module view after workspace access.,"Execution Rhythm
Compare movement, follow-through, and review patterns across the operating cadence.",No,src/pages/workspace/PlannedModule.tsx
84,/os/organization/rhythm,SECTION 6,2848,Review,"Turn the combined view of accumulated change into decisions, owners, adjustments, and next-cycle priorities.",,Planned placeholder,This part of the journey is ahead.. All original sections are replaced by one generic planned-module view after workspace access.,"Review
Turn the combined view of accumulated change into decisions, owners, adjustments, and next-cycle priorities.",No,src/pages/workspace/PlannedModule.tsx
84,/os/organization/rhythm,SECTION 7,2851,Run a Monthly Operating Review,"Connect strategic movement, capability constraints, workflow performance, and next priorities without collapsing everything into one score.",,Planned placeholder,This part of the journey is ahead.. All original sections are replaced by one generic planned-module view after workspace access.,"Run a Monthly Operating Review
Connect strategic movement, capability constraints, workflow performance, and next priorities without collapsing everything into one score.",No,src/pages/workspace/PlannedModule.tsx
85,/os/analytics,HERO,2861,Understand the Patterns Behind the Work.,"Use defined metrics to understand product, workflow, team, or organizational patterns.",,Planned placeholder,This part of the journey is ahead.. All original sections are replaced by one generic planned-module view after workspace access.,"Understand the Patterns Behind the Work.
Use defined metrics to understand product, workflow, team, or organizational patterns.",No,src/pages/workspace/PlannedModule.tsx
85,/os/analytics,SECTION 2,2864,Every Metric Shows,"Definition
Data source
Calculation
Time period
Owner
Last updated",,Planned placeholder,This part of the journey is ahead.. All original sections are replaced by one generic planned-module view after workspace access.,"Every Metric Shows
Definition
Data source
Calculation
Time period
Owner
Last updated",No,src/pages/workspace/PlannedModule.tsx
85,/os/analytics,SECTION 3,2872,Views,"Trends
Comparisons
Segments
Outcomes
Operational measures",,Planned placeholder,This part of the journey is ahead.. All original sections are replaced by one generic planned-module view after workspace access.,"Views
Trends
Comparisons
Segments
Outcomes
Operational measures",No,src/pages/workspace/PlannedModule.tsx
85,/os/analytics,SECTION 4,2879,Explain a Delivery Trend,Trace the metric to source events and workflow stages before drawing a conclusion.,,Planned placeholder,This part of the journey is ahead.. All original sections are replaced by one generic planned-module view after workspace access.,"Explain a Delivery Trend
Trace the metric to source events and workflow stages before drawing a conclusion.",No,src/pages/workspace/PlannedModule.tsx
86,/os/integrations,HERO,2889,Connect Relevant Systems.,"Review available integrations, connected systems, permissions, authorized progression, synchronization, freshness, and activity.",,Planned placeholder,This part of the journey is ahead.. All original sections are replaced by one generic planned-module view after workspace access.,"Connect Relevant Systems.
Review available integrations, connected systems, permissions, authorized progression, synchronization, freshness, and activity.",No,src/pages/workspace/PlannedModule.tsx
86,/os/integrations,SECTION 2,2892,Available,See integrations approved for the current workspace or organization.,,Planned placeholder,This part of the journey is ahead.. All original sections are replaced by one generic planned-module view after workspace access.,"Available
See integrations approved for the current workspace or organization.",No,src/pages/workspace/PlannedModule.tsx
86,/os/integrations,SECTION 3,2895,Connected,"Review active connections, owners, scopes, progression permissions, health, last successful activity, and data freshness.",,Planned placeholder,This part of the journey is ahead.. All original sections are replaced by one generic planned-module view after workspace access.,"Connected
Review active connections, owners, scopes, progression permissions, health, last successful activity, and data freshness.",No,src/pages/workspace/PlannedModule.tsx
86,/os/integrations,SECTION 4,2898,Requires Attention,"Surface expired credentials, failed syncs, revoked access, or configuration issues.",,Planned placeholder,This part of the journey is ahead.. All original sections are replaced by one generic planned-module view after workspace access.,"Requires Attention
Surface expired credentials, failed syncs, revoked access, or configuration issues.",No,src/pages/workspace/PlannedModule.tsx
86,/os/integrations,SECTION 5,2901,Permissions,"See which users or roles can configure, use, or remove each connection.",,Planned placeholder,This part of the journey is ahead.. All original sections are replaced by one generic planned-module view after workspace access.,"Permissions
See which users or roles can configure, use, or remove each connection.",No,src/pages/workspace/PlannedModule.tsx
86,/os/integrations,SECTION 6,2904,Data Access,"Review what data each integration can read, write, or synchronize.",,Planned placeholder,This part of the journey is ahead.. All original sections are replaced by one generic planned-module view after workspace access.,"Data Access
Review what data each integration can read, write, or synchronize.",No,src/pages/workspace/PlannedModule.tsx
86,/os/integrations,SECTION 7,2907,Activity,"Track material connection events, sync results, freshness changes, and administrative changes.",,Planned placeholder,This part of the journey is ahead.. All original sections are replaced by one generic planned-module view after workspace access.,"Activity
Track material connection events, sync results, freshness changes, and administrative changes.",No,src/pages/workspace/PlannedModule.tsx
86,/os/integrations,SECTION 8,2910,Connect Finance Context,Authorize only the scopes needed for the financial decision-support use case and review sync status before relying on the data.,,Planned placeholder,This part of the journey is ahead.. All original sections are replaced by one generic planned-module view after workspace access.,"Connect Finance Context
Authorize only the scopes needed for the financial decision-support use case and review sync status before relying on the data.",No,src/pages/workspace/PlannedModule.tsx
87,/os/governance,HERO,2920,Define How LAMID ONE Operates in Your Organization.,"Set the policies that govern AI, persistent progression, permissions, delegation, capability availability, data, workflows, overrides, and approvals.",,Custom UI; no one-to-one slide,Capability needs accountability. — Pending human action reviews and searchable activity trail. Organization policy and permission administration are not implemented.,"Define How LAMID ONE Operates in Your Organization.
Set the policies that govern AI, persistent progression, permissions, delegation, capability availability, data, workflows, overrides, and approvals.",No,src/pages/workspace/Governance.tsx
87,/os/governance,SECTION 2,2923,AI Policies,"Define where AI suggestions, memory, background context updates, authorized progression, automation, or model use are permitted in the organization - and who may revoke or override them.",,Custom UI; no one-to-one slide,Pending human action reviews and searchable activity trail. Organization policy and permission administration are not implemented.,"AI Policies
Define where AI suggestions, memory, background context updates, authorized progression, automation, or model use are permitted in the organization - and who may revoke or override them.",No,src/pages/workspace/Governance.tsx
87,/os/governance,SECTION 3,2926,Permissions,"Control who can access sensitive capabilities, contexts, administrative actions, and who can grant, revoke, or override progression permissions.",,Custom UI; no one-to-one slide,Pending human action reviews and searchable activity trail. Organization policy and permission administration are not implemented.,"Permissions
Control who can access sensitive capabilities, contexts, administrative actions, and who can grant, revoke, or override progression permissions.",No,src/pages/workspace/Governance.tsx
87,/os/governance,SECTION 4,2929,Capability Availability,"Enable or restrict deeper product capabilities according to role, workspace, plan, and policy.",,Custom UI; no one-to-one slide,Pending human action reviews and searchable activity trail. Organization policy and permission administration are not implemented.,"Capability Availability
Enable or restrict deeper product capabilities according to role, workspace, plan, and policy.",No,src/pages/workspace/Governance.tsx
87,/os/governance,SECTION 5,2932,Data Policies,"Define boundaries for connected sources, background synchronization, authorized progression, retention, sharing, revocation, and permitted use.",,Custom UI; no one-to-one slide,Pending human action reviews and searchable activity trail. Organization policy and permission administration are not implemented.,"Data Policies
Define boundaries for connected sources, background synchronization, authorized progression, retention, sharing, revocation, and permitted use.",No,src/pages/workspace/Governance.tsx
87,/os/governance,SECTION 6,2935,Workflow Approvals,"Require human review before selected workflows or consequential actions proceed; allow authorized users to pause, redirect, override, or revoke progression before commitment.",,Custom UI; no one-to-one slide,Pending human action reviews and searchable activity trail. Organization policy and permission administration are not implemented.,"Workflow Approvals
Require human review before selected workflows or consequential actions proceed; allow authorized users to pause, redirect, override, or revoke progression before commitment.",No,src/pages/workspace/Governance.tsx
87,/os/governance,SECTION 7,2938,Administrative Controls,"Manage organization-level settings, ownership, policy defaults, and delegated administration.
SECTION 8",,Custom UI; no one-to-one slide,Pending human action reviews and searchable activity trail. Organization policy and permission administration are not implemented.,"Administrative Controls
Manage organization-level settings, ownership, policy defaults, and delegated administration.
SECTION 8",No,src/pages/workspace/Governance.tsx
87,/os/governance,SECTION 8 / SECTION - AUTHORITY BANDS,2942,"Separate Observation, Progression, and Commitment","Set policy separately for Observe & Update, Progress Within Authorization, and Consequential Commitment. A lower band must never inherit or infer the permissions of a higher band.
Require Approval for Consequential Finance Actions
Combine role permissions, data boundaries, policy rules, and human approval before execution.
Apply the same boundary to contract acceptance, external commitments, milestone approval, deliverable acceptance, payment release, and permission-changing actions where they are supported.",,Custom UI; no one-to-one slide,Pending human action reviews and searchable activity trail. Organization policy and permission administration are not implemented.,"Separate Observation, Progression, and Commitment
Set policy separately for Observe & Update, Progress Within Authorization, and Consequential Commitment. A lower band must never inherit or infer the permissions of a higher band.
Require Approval for Consequential Finance Actions
Combine role permissions, data boundaries, policy rules, and human approval before execution.
Apply the same boundary to contract acceptance, external commitments, milestone approval, deliverable acceptance, payment release, and permission-changing actions where they are supported.",No,src/pages/workspace/Governance.tsx
88,/os/audit,HERO,2955,Review Consequential Activity.,"See who or what changed or progressed the operating context, when it happened, which permission and policy applied, whether it was later overridden or reversed, and what result followed.",,Custom UI; no one-to-one slide,Capability needs accountability. — Reuses Governance review/activity UI. No dedicated commercial approval/payment/reconciliation audit surface.,"Review Consequential Activity.
See who or what changed or progressed the operating context, when it happened, which permission and policy applied, whether it was later overridden or reversed, and what result followed.",No,src/pages/workspace/Governance.tsx
88,/os/audit,SECTION 2,2958,Actor,"Identify the user, service, or authorized system responsible for the recorded action.",,Custom UI; no one-to-one slide,Reuses Governance review/activity UI. No dedicated commercial approval/payment/reconciliation audit surface.,"Actor
Identify the user, service, or authorized system responsible for the recorded action.",No,src/pages/workspace/Governance.tsx
88,/os/audit,SECTION 3,2961,Action,"Describe the material context update, progression, permission change, override, reversal, approval, execution, or administrative event.",,Custom UI; no one-to-one slide,Reuses Governance review/activity UI. No dedicated commercial approval/payment/reconciliation audit surface. Literal source text also found in component: Action,"Action
Describe the material context update, progression, permission change, override, reversal, approval, execution, or administrative event.",No,src/pages/workspace/Governance.tsx
88,/os/audit,SECTION 4,2964,Time,Record when the event occurred using a consistent auditable timestamp.,,Custom UI; no one-to-one slide,Reuses Governance review/activity UI. No dedicated commercial approval/payment/reconciliation audit surface.,"Time
Record when the event occurred using a consistent auditable timestamp.",No,src/pages/workspace/Governance.tsx
88,/os/audit,SECTION 5,2967,Context,"Show the workspace, organization, policy, or object relevant to the event.",,Custom UI; no one-to-one slide,Reuses Governance review/activity UI. No dedicated commercial approval/payment/reconciliation audit surface.,"Context
Show the workspace, organization, policy, or object relevant to the event.",No,src/pages/workspace/Governance.tsx
88,/os/audit,SECTION 6,2970,Result,"Record the prior and resulting state, permission basis, and any later override or reversal where relevant so reviewers can understand what changed.",,Custom UI; no one-to-one slide,Reuses Governance review/activity UI. No dedicated commercial approval/payment/reconciliation audit surface.,"Result
Record the prior and resulting state, permission basis, and any later override or reversal where relevant so reviewers can understand what changed.",No,src/pages/workspace/Governance.tsx
88,/os/audit,SECTION 7,2973,Related Object / Workflow,"Link the event to the decision, workflow, integration, policy, or resource it affected.
SECTION 8",,Custom UI; no one-to-one slide,Reuses Governance review/activity UI. No dedicated commercial approval/payment/reconciliation audit surface.,"Related Object / Workflow
Link the event to the decision, workflow, integration, policy, or resource it affected.
SECTION 8",No,src/pages/workspace/Governance.tsx
88,/os/audit,SECTION 8 / SECTION - COMMERCIAL AUDIT,2977,Trace Commercial Approval and Release,"For supported commercial workflows, link proposal or agreement state, acceptance criteria, submission evidence, verification result, human approval, payment-release instruction, reconciliation state, and any later dispute, reversal, or compensating action.
Investigate a Policy-Sensitive Change
Trace the actor, permissions, input, approval, action, and resulting state through the audit history.",,Custom UI; no one-to-one slide,Reuses Governance review/activity UI. No dedicated commercial approval/payment/reconciliation audit surface.,"Trace Commercial Approval and Release
For supported commercial workflows, link proposal or agreement state, acceptance criteria, submission evidence, verification result, human approval, payment-release instruction, reconciliation state, and any later dispute, reversal, or compensating action.
Investigate a Policy-Sensitive Change
Trace the actor, permissions, input, approval, action, and resulting state through the audit history.",No,src/pages/workspace/Governance.tsx
89,/os/admin,HERO,2989,Organization Administration,"Manage the organization, membership, roles, plans, capabilities, policies, integrations, and support settings.",,Planned placeholder,This part of the journey is ahead.. All original sections are replaced by one generic planned-module view after workspace access.,"Organization Administration
Manage the organization, membership, roles, plans, capabilities, policies, integrations, and support settings.",No,src/pages/workspace/PlannedModule.tsx
89,/os/admin,SECTION 2,2992,Members,Manage organization membership and account status from the appropriate administrative scope.,,Planned placeholder,This part of the journey is ahead.. All original sections are replaced by one generic planned-module view after workspace access.,"Members
Manage organization membership and account status from the appropriate administrative scope.",No,src/pages/workspace/PlannedModule.tsx
89,/os/admin,SECTION 3,2995,Teams,"Create and maintain team structures, ownership, and membership.",,Planned placeholder,This part of the journey is ahead.. All original sections are replaced by one generic planned-module view after workspace access.,"Teams
Create and maintain team structures, ownership, and membership.",No,src/pages/workspace/PlannedModule.tsx
89,/os/admin,SECTION 4,2998,Roles,Assign role definitions that reflect responsibility rather than convenience.,,Planned placeholder,This part of the journey is ahead.. All original sections are replaced by one generic planned-module view after workspace access.,"Roles
Assign role definitions that reflect responsibility rather than convenience.",No,src/pages/workspace/PlannedModule.tsx
89,/os/admin,SECTION 5,3001,Plans,Review the organization plan and the commercial level attached to the workspace.,,Planned placeholder,This part of the journey is ahead.. All original sections are replaced by one generic planned-module view after workspace access.,"Plans
Review the organization plan and the commercial level attached to the workspace.",No,src/pages/workspace/PlannedModule.tsx
89,/os/admin,SECTION 6,3004,Capabilities,Control which product capabilities are available under the current plan and policy.,,Planned placeholder,This part of the journey is ahead.. All original sections are replaced by one generic planned-module view after workspace access.,"Capabilities
Control which product capabilities are available under the current plan and policy.",No,src/pages/workspace/PlannedModule.tsx
89,/os/admin,SECTION 7,3007,Policies,"Set organization-level rules for AI, data, workflows, persistent progression, delegation, permissions, override rights, and administration.",,Planned placeholder,This part of the journey is ahead.. All original sections are replaced by one generic planned-module view after workspace access.,"Policies
Set organization-level rules for AI, data, workflows, persistent progression, delegation, permissions, override rights, and administration.",No,src/pages/workspace/PlannedModule.tsx
89,/os/admin,SECTION 8,3010,Integrations,"Review approved connections, ownership, scopes, and status.",,Planned placeholder,This part of the journey is ahead.. All original sections are replaced by one generic planned-module view after workspace access.,"Integrations
Review approved connections, ownership, scopes, and status.",No,src/pages/workspace/PlannedModule.tsx
89,/os/admin,SECTION 9,3013,Support,"Manage available organization support contacts, escalation paths, and service information.",,Planned placeholder,This part of the journey is ahead.. All original sections are replaced by one generic planned-module view after workspace access.,"Support
Manage available organization support contacts, escalation paths, and service information.",No,src/pages/workspace/PlannedModule.tsx
89,/os/admin,SECTION 10,3016,Onboard a New Business Unit,"Create the unit, assign roles, set policy defaults, enable permitted capabilities, define progression and override boundaries, connect required systems, and review access.",,Planned placeholder,This part of the journey is ahead.. All original sections are replaced by one generic planned-module view after workspace access.,"Onboard a New Business Unit
Create the unit, assign roles, set policy defaults, enable permitted capabilities, define progression and override boundaries, connect required systems, and review access.",No,src/pages/workspace/PlannedModule.tsx
90,/os/profile,HERO,3026,Your Profile,"Manage personal information, professional context, preferences, and active contexts.",,Planned placeholder,This part of the journey is ahead.. All original sections are replaced by one generic planned-module view after workspace access.,"Your Profile
Manage personal information, professional context, preferences, and active contexts.",No,src/pages/workspace/PlannedModule.tsx
90,/os/profile,SECTION 2,3029,Personal Information,Maintain the identity information attached to your LAMID ONE account.,,Planned placeholder,This part of the journey is ahead.. All original sections are replaced by one generic planned-module view after workspace access.,"Personal Information
Maintain the identity information attached to your LAMID ONE account.",No,src/pages/workspace/PlannedModule.tsx
90,/os/profile,SECTION 3,3032,Professional Context,"Add role, work, and professional information that improves relevant experiences where you choose to use it.",,Planned placeholder,This part of the journey is ahead.. All original sections are replaced by one generic planned-module view after workspace access.,"Professional Context
Add role, work, and professional information that improves relevant experiences where you choose to use it.",No,src/pages/workspace/PlannedModule.tsx
90,/os/profile,SECTION 4,3035,Preferences,Set personal defaults for how the product behaves and presents information.,,Planned placeholder,This part of the journey is ahead.. All original sections are replaced by one generic planned-module view after workspace access.,"Preferences
Set personal defaults for how the product behaves and presents information.",No,src/pages/workspace/PlannedModule.tsx
90,/os/profile,SECTION 5,3038,Current Contexts,"See the personal, team, business, or organizational contexts available to your identity.",,Planned placeholder,This part of the journey is ahead.. All original sections are replaced by one generic planned-module view after workspace access.,"Current Contexts
See the personal, team, business, or organizational contexts available to your identity.",No,src/pages/workspace/PlannedModule.tsx
91,/os/settings,HERO,3048,Settings,"Manage account, AI, privacy, notifications, workspace, members, billing, and plan settings.",,Custom UI; no one-to-one slide,"Make this space your own. — Workspace name/context, read-only account details and export. Roles, billing, invitations and background automation are explicitly unavailable. Literal source text also found in component: Settings","Settings
Manage account, AI, privacy, notifications, workspace, members, billing, and plan settings.",No,src/pages/workspace/Settings.tsx
91,/os/settings,SECTION 2,3051,Account,"Manage identity, sign-in, recovery, and the account-level preferences available to you.",,Custom UI; no one-to-one slide,"Workspace name/context, read-only account details and export. Roles, billing, invitations and background automation are explicitly unavailable.","Account
Manage identity, sign-in, recovery, and the account-level preferences available to you.",No,src/pages/workspace/Settings.tsx
91,/os/settings,SECTION 3,3054,AI & Memory,"Manage AI behavior, suggestion preferences, and remembered context where those controls are available.",,Custom UI; no one-to-one slide,"Workspace name/context, read-only account details and export. Roles, billing, invitations and background automation are explicitly unavailable.","AI & Memory
Manage AI behavior, suggestion preferences, and remembered context where those controls are available.",No,src/pages/workspace/Settings.tsx
91,/os/settings,SECTION 4,3057,Privacy,"Review available data, connected-source, export, deletion, and privacy controls.",,Custom UI; no one-to-one slide,"Workspace name/context, read-only account details and export. Roles, billing, invitations and background automation are explicitly unavailable.","Privacy
Review available data, connected-source, export, deletion, and privacy controls.",No,src/pages/workspace/Settings.tsx
91,/os/settings,SECTION 5,3060,Notifications,Choose which updates reach you and how they are delivered.,,Custom UI; no one-to-one slide,"Workspace name/context, read-only account details and export. Roles, billing, invitations and background automation are explicitly unavailable.","Notifications
Choose which updates reach you and how they are delivered.",No,src/pages/workspace/Settings.tsx
91,/os/settings,SECTION 6,3063,Workspace,"Manage the active workspace identity, defaults, ownership, and context.",,Custom UI; no one-to-one slide,"Workspace name/context, read-only account details and export. Roles, billing, invitations and background automation are explicitly unavailable. Literal source text also found in component: Workspace","Workspace
Manage the active workspace identity, defaults, ownership, and context.",No,src/pages/workspace/Settings.tsx
91,/os/settings,SECTION 7,3066,Members,"Manage people, roles, invitations, and access for shared workspaces where authorized.",,Custom UI; no one-to-one slide,"Workspace name/context, read-only account details and export. Roles, billing, invitations and background automation are explicitly unavailable.","Members
Manage people, roles, invitations, and access for shared workspaces where authorized.",No,src/pages/workspace/Settings.tsx
91,/os/settings,SECTION 8,3069,Billing,"Review billing contacts, invoices, payment methods, and subscription information.",,Custom UI; no one-to-one slide,"Workspace name/context, read-only account details and export. Roles, billing, invitations and background automation are explicitly unavailable.","Billing
Review billing contacts, invoices, payment methods, and subscription information.",No,src/pages/workspace/Settings.tsx
91,/os/settings,SECTION 9,3072,Plan & Usage,"See plan access, available capabilities, usage, limits, and upgrade paths.",,Custom UI; no one-to-one slide,"Workspace name/context, read-only account details and export. Roles, billing, invitations and background automation are explicitly unavailable.","Plan & Usage
See plan access, available capabilities, usage, limits, and upgrade paths.",No,src/pages/workspace/Settings.tsx
92,/os/settings/ai,HERO,3082,AI & Context Controls,"Choose what LAMID ONE may remember, what may progress between interactions, and how those changes are surfaced.
Manage how LAMID ONE uses, remembers, refreshes, and progresses permitted context and already-authorized work.",,Planned placeholder,This part of the journey is ahead.. All original sections are replaced by one generic planned-module view after workspace access.,"AI & Context Controls
Choose what LAMID ONE may remember, what may progress between interactions, and how those changes are surfaced.
Manage how LAMID ONE uses, remembers, refreshes, and progresses permitted context and already-authorized work.",No,src/pages/workspace/PlannedModule.tsx
92,/os/settings/ai,SECTION 2,3086,Memory,"Turn supported memory behavior and eligible progression features on or off, and revoke previously granted progression permissions, according to the controls available to your account or organization.",,Planned placeholder,This part of the journey is ahead.. All original sections are replaced by one generic planned-module view after workspace access.,"Memory
Turn supported memory behavior and eligible progression features on or off, and revoke previously granted progression permissions, according to the controls available to your account or organization.",No,src/pages/workspace/PlannedModule.tsx
92,/os/settings/ai,SECTION 3,3089,Remembered Context,Review the information LAMID ONE currently retains for future context where memory is enabled.,,Planned placeholder,This part of the journey is ahead.. All original sections are replaced by one generic planned-module view after workspace access.,"Remembered Context
Review the information LAMID ONE currently retains for future context where memory is enabled.",No,src/pages/workspace/PlannedModule.tsx
92,/os/settings/ai,SECTION 4,3092,Delete Remembered Context,"Remove remembered information that is outdated, incorrect, or no longer useful.",,Planned placeholder,This part of the journey is ahead.. All original sections are replaced by one generic planned-module view after workspace access.,"Delete Remembered Context
Remove remembered information that is outdated, incorrect, or no longer useful.",No,src/pages/workspace/PlannedModule.tsx
92,/os/settings/ai,SECTION 5,3095,Suggestion Preferences,Adjust how often and where the Companion surfaces optional suggestions or change summaries.,,Planned placeholder,This part of the journey is ahead.. All original sections are replaced by one generic planned-module view after workspace access.,"Suggestion Preferences
Adjust how often and where the Companion surfaces optional suggestions or change summaries.",No,src/pages/workspace/PlannedModule.tsx
92,/os/settings/ai,SECTION 6,3098,AI Personalization,Control supported personalization that uses your permitted context.,,Planned placeholder,This part of the journey is ahead.. All original sections are replaced by one generic planned-module view after workspace access.,"AI Personalization
Control supported personalization that uses your permitted context.",No,src/pages/workspace/PlannedModule.tsx
92,/os/settings/ai,SECTION 7,3101,Explanation Preferences,Choose the level of explanation shown with recommendations where the product supports that setting.,,Planned placeholder,This part of the journey is ahead.. All original sections are replaced by one generic planned-module view after workspace access.,"Explanation Preferences
Choose the level of explanation shown with recommendations where the product supports that setting.",No,src/pages/workspace/PlannedModule.tsx
92,/os/settings/ai,SECTION 8,3104,Continuous Context,"Review which permitted sources, events, and workflows may progress between interactions; see what was allowed, what occurred, and when the state last changed.
Every progression permission should identify its scope, source of authority, stop or expiry condition where applicable, notification behavior, revocation path, and human-control point. Turning one permission on must not silently enable another.",,Planned placeholder,This part of the journey is ahead.. All original sections are replaced by one generic planned-module view after workspace access.,"Continuous Context
Review which permitted sources, events, and workflows may progress between interactions; see what was allowed, what occurred, and when the state last changed.
Every progression permission should identify its scope, source of authority, stop or expiry condition where applicable, notification behavior, revocation path, and human-control point. Turning one permission on must not silently enable another.",No,src/pages/workspace/PlannedModule.tsx
93,/os/settings/privacy,HERO,3115,Your Data Controls,"Persistent progression is permissioned by design: control which sources and workflows may continue, and revoke or override that permission when needed.
Review, export, delete, and manage permitted data, connected sources, progression permissions, and background update controls.",,Planned placeholder,This part of the journey is ahead.. All original sections are replaced by one generic planned-module view after workspace access.,"Your Data Controls
Persistent progression is permissioned by design: control which sources and workflows may continue, and revoke or override that permission when needed.
Review, export, delete, and manage permitted data, connected sources, progression permissions, and background update controls.",No,src/pages/workspace/PlannedModule.tsx
93,/os/settings/privacy,SECTION 2,3119,View Data,Review the data categories and records available through your account and workspaces.,,Planned placeholder,This part of the journey is ahead.. All original sections are replaced by one generic planned-module view after workspace access.,"View Data
Review the data categories and records available through your account and workspaces.",No,src/pages/workspace/PlannedModule.tsx
93,/os/settings/privacy,SECTION 3,3122,Export Data,Request or download supported exports for your personal or workspace data.,,Planned placeholder,This part of the journey is ahead.. All original sections are replaced by one generic planned-module view after workspace access.,"Export Data
Request or download supported exports for your personal or workspace data.",No,src/pages/workspace/PlannedModule.tsx
93,/os/settings/privacy,SECTION 4,3125,Delete Data,Use available deletion controls and review any exceptions that must be retained for legal or operational reasons.,,Planned placeholder,This part of the journey is ahead.. All original sections are replaced by one generic planned-module view after workspace access.,"Delete Data
Use available deletion controls and review any exceptions that must be retained for legal or operational reasons.",No,src/pages/workspace/PlannedModule.tsx
93,/os/settings/privacy,SECTION 5,3128,Retention,See the retention rules that apply to supported data categories where those rules are exposed in product.,,Planned placeholder,This part of the journey is ahead.. All original sections are replaced by one generic planned-module view after workspace access.,"Retention
See the retention rules that apply to supported data categories where those rules are exposed in product.",No,src/pages/workspace/PlannedModule.tsx
93,/os/settings/privacy,SECTION 6,3131,Connected Sources,"Review external sources linked to your context, see which may update or trigger progression in the background, and revoke access when needed.",,Planned placeholder,This part of the journey is ahead.. All original sections are replaced by one generic planned-module view after workspace access.,"Connected Sources
Review external sources linked to your context, see which may update or trigger progression in the background, and revoke access when needed.",No,src/pages/workspace/PlannedModule.tsx
93,/os/settings/privacy,SECTION 7,3134,AI Data Permissions,"Control supported permissions governing how connected or stored data may be used by AI features, including eligible background updates and progression.",,Planned placeholder,This part of the journey is ahead.. All original sections are replaced by one generic planned-module view after workspace access.,"AI Data Permissions
Control supported permissions governing how connected or stored data may be used by AI features, including eligible background updates and progression.",No,src/pages/workspace/PlannedModule.tsx
93,/os/settings/privacy,SECTION 8,3137,Background Updates,"Choose which connected sources may contribute ongoing context or trigger progression, review their freshness and scope, and pause or disable that permission without removing unrelated access where supported.
Background-update permission is separate from broader account access. Revoking ongoing updates should stop future progression as soon as technically practicable without silently deleting unrelated context or expanding another permission.",,Planned placeholder,This part of the journey is ahead.. All original sections are replaced by one generic planned-module view after workspace access.,"Background Updates
Choose which connected sources may contribute ongoing context or trigger progression, review their freshness and scope, and pause or disable that permission without removing unrelated access where supported.
Background-update permission is separate from broader account access. Revoking ongoing updates should stop future progression as soon as technically practicable without silently deleting unrelated context or expanding another permission.",No,src/pages/workspace/PlannedModule.tsx
94,/os/notifications,HERO,3148,Notifications,"Choose what deserves your attention, when progression or change summaries should reach you, and what can wait until you return.",,Planned placeholder,This part of the journey is ahead.. All original sections are replaced by one generic planned-module view after workspace access.,"Notifications
Choose what deserves your attention, when progression or change summaries should reach you, and what can wait until you return.",No,src/pages/workspace/PlannedModule.tsx
94,/os/notifications,SECTION 2,3151,Daily Rhythm,"Choose whether daily operating prompts, change summaries, and reminders should reach you.",,Planned placeholder,This part of the journey is ahead.. All original sections are replaced by one generic planned-module view after workspace access.,"Daily Rhythm
Choose whether daily operating prompts, change summaries, and reminders should reach you.",No,src/pages/workspace/PlannedModule.tsx
94,/os/notifications,SECTION 3,3154,Weekly Review,"Control reminders for weekly reflection, alignment, and carry-forward actions.",,Planned placeholder,This part of the journey is ahead.. All original sections are replaced by one generic planned-module view after workspace access.,"Weekly Review
Control reminders for weekly reflection, alignment, and carry-forward actions.",No,src/pages/workspace/PlannedModule.tsx
94,/os/notifications,SECTION 4,3157,Workflow Updates,Receive updates when owned or relevant workflow activity needs attention.,,Planned placeholder,This part of the journey is ahead.. All original sections are replaced by one generic planned-module view after workspace access.,"Workflow Updates
Receive updates when owned or relevant workflow activity needs attention.",No,src/pages/workspace/PlannedModule.tsx
94,/os/notifications,SECTION 5,3160,Team Activity,Choose the shared-workspace events that are important enough to surface.,,Planned placeholder,This part of the journey is ahead.. All original sections are replaced by one generic planned-module view after workspace access.,"Team Activity
Choose the shared-workspace events that are important enough to surface.",No,src/pages/workspace/PlannedModule.tsx
94,/os/notifications,SECTION 6,3163,Important Alerts,"Keep consequential, time-sensitive, approval-required, or override-sensitive notices visible while routine permitted progression can remain quietly summarized.",,Planned placeholder,This part of the journey is ahead.. All original sections are replaced by one generic planned-module view after workspace access.,"Important Alerts
Keep consequential, time-sensitive, approval-required, or override-sensitive notices visible while routine permitted progression can remain quietly summarized.",No,src/pages/workspace/PlannedModule.tsx
94,/os/notifications,SECTION 7,3166,Product Updates,"Choose whether to receive release, education, and product-change communications.",,Planned placeholder,This part of the journey is ahead.. All original sections are replaced by one generic planned-module view after workspace access.,"Product Updates
Choose whether to receive release, education, and product-change communications.",No,src/pages/workspace/PlannedModule.tsx
94,/os/notifications,SECTION 8,3169,Quiet Change Summaries,"Choose whether non-urgent changes and progression are batched into a return summary instead of interrupting you as they happen.
Notification design must not use artificial urgency, manipulative engagement loops, or repeated prompts to manufacture attention. Routine progression should remain calm and reviewable.",,Planned placeholder,This part of the journey is ahead.. All original sections are replaced by one generic planned-module view after workspace access.,"Quiet Change Summaries
Choose whether non-urgent changes and progression are batched into a return summary instead of interrupting you as they happen.
Notification design must not use artificial urgency, manipulative engagement loops, or repeated prompts to manufacture attention. Routine progression should remain calm and reviewable.",No,src/pages/workspace/PlannedModule.tsx
95,/os/settings/workspace,HERO,3180,Workspace Settings,"Manage the workspace name, type, context, defaults, ownership, and permitted settings.",,Planned placeholder,This part of the journey is ahead.. All original sections are replaced by one generic planned-module view after workspace access.,"Workspace Settings
Manage the workspace name, type, context, defaults, ownership, and permitted settings.",No,src/pages/workspace/PlannedModule.tsx
95,/os/settings/workspace,SECTION 2,3183,Name,Set the workspace name people will recognize across the product.,,Planned placeholder,This part of the journey is ahead.. All original sections are replaced by one generic planned-module view after workspace access.,"Name
Set the workspace name people will recognize across the product.",No,src/pages/workspace/PlannedModule.tsx
95,/os/settings/workspace,SECTION 3,3186,Type,Define the current workspace type when that setting affects available context or administration.,,Planned placeholder,This part of the journey is ahead.. All original sections are replaced by one generic planned-module view after workspace access.,"Type
Define the current workspace type when that setting affects available context or administration.",No,src/pages/workspace/PlannedModule.tsx
95,/os/settings/workspace,SECTION 4,3189,Audience Context,Choose the working context that best reflects how the workspace is being used.,,Planned placeholder,This part of the journey is ahead.. All original sections are replaced by one generic planned-module view after workspace access.,"Audience Context
Choose the working context that best reflects how the workspace is being used.",No,src/pages/workspace/PlannedModule.tsx
95,/os/settings/workspace,SECTION 5,3192,Defaults,"Set workspace-level defaults for supported behavior, views, and notifications.",,Planned placeholder,This part of the journey is ahead.. All original sections are replaced by one generic planned-module view after workspace access.,"Defaults
Set workspace-level defaults for supported behavior, views, and notifications.",No,src/pages/workspace/PlannedModule.tsx
95,/os/settings/workspace,SECTION 6,3195,Ownership,Review who owns the workspace and transfer ownership only through authorized controls.,,Planned placeholder,This part of the journey is ahead.. All original sections are replaced by one generic planned-module view after workspace access.,"Ownership
Review who owns the workspace and transfer ownership only through authorized controls.",No,src/pages/workspace/PlannedModule.tsx
96,/os/settings/members,HERO,3205,People & Access,"Manage members, roles, invitations, permissions, and team assignments.",,Planned placeholder,This part of the journey is ahead.. All original sections are replaced by one generic planned-module view after workspace access.,"People & Access
Manage members, roles, invitations, permissions, and team assignments.",No,src/pages/workspace/PlannedModule.tsx
96,/os/settings/members,SECTION 2,3208,Members,Review the people who can access the workspace and their current status.,,Planned placeholder,This part of the journey is ahead.. All original sections are replaced by one generic planned-module view after workspace access.,"Members
Review the people who can access the workspace and their current status.",No,src/pages/workspace/PlannedModule.tsx
96,/os/settings/members,SECTION 3,3211,Roles,Assign roles that reflect responsibility and permitted capability.,,Planned placeholder,This part of the journey is ahead.. All original sections are replaced by one generic planned-module view after workspace access.,"Roles
Assign roles that reflect responsibility and permitted capability.",No,src/pages/workspace/PlannedModule.tsx
96,/os/settings/members,SECTION 4,3214,Invitations,"Send, review, revoke, or resend pending access invitations.",,Planned placeholder,This part of the journey is ahead.. All original sections are replaced by one generic planned-module view after workspace access.,"Invitations
Send, review, revoke, or resend pending access invitations.",No,src/pages/workspace/PlannedModule.tsx
96,/os/settings/members,SECTION 5,3217,Permissions,See the capabilities and actions each role is allowed to use.,,Planned placeholder,This part of the journey is ahead.. All original sections are replaced by one generic planned-module view after workspace access.,"Permissions
See the capabilities and actions each role is allowed to use.",No,src/pages/workspace/PlannedModule.tsx
96,/os/settings/members,SECTION 6,3220,Groups / Teams,Organize members into teams or groups where shared access and work require it.,,Planned placeholder,This part of the journey is ahead.. All original sections are replaced by one generic planned-module view after workspace access.,"Groups / Teams
Organize members into teams or groups where shared access and work require it.",No,src/pages/workspace/PlannedModule.tsx
97,/os/settings/billing,HERO,3230,Billing,"Review subscription billing, payment methods, invoices, contacts, and history.",,Planned placeholder,This part of the journey is ahead.. All original sections are replaced by one generic planned-module view after workspace access.,"Billing
Review subscription billing, payment methods, invoices, contacts, and history.",No,src/pages/workspace/PlannedModule.tsx
97,/os/settings/billing,SECTION 2,3233,Current Subscription,See the active subscription associated with the billing account.,,Planned placeholder,This part of the journey is ahead.. All original sections are replaced by one generic planned-module view after workspace access.,"Current Subscription
See the active subscription associated with the billing account.",No,src/pages/workspace/PlannedModule.tsx
97,/os/settings/billing,SECTION 3,3236,Payment Method,Review or update supported payment methods for future charges.,,Planned placeholder,This part of the journey is ahead.. All original sections are replaced by one generic planned-module view after workspace access.,"Payment Method
Review or update supported payment methods for future charges.",No,src/pages/workspace/PlannedModule.tsx
97,/os/settings/billing,SECTION 4,3239,Invoices,Access available invoices and billing documents.,,Planned placeholder,This part of the journey is ahead.. All original sections are replaced by one generic planned-module view after workspace access.,"Invoices
Access available invoices and billing documents.",No,src/pages/workspace/PlannedModule.tsx
97,/os/settings/billing,SECTION 5,3242,Billing Contact,Keep the responsible billing or procurement contact current.,,Planned placeholder,This part of the journey is ahead.. All original sections are replaced by one generic planned-module view after workspace access.,"Billing Contact
Keep the responsible billing or procurement contact current.",No,src/pages/workspace/PlannedModule.tsx
97,/os/settings/billing,SECTION 6,3245,Billing History,"Review available charges, invoices, adjustments, and payment status.",,Planned placeholder,This part of the journey is ahead.. All original sections are replaced by one generic planned-module view after workspace access.,"Billing History
Review available charges, invoices, adjustments, and payment status.",No,src/pages/workspace/PlannedModule.tsx
98,/os/settings/plan,HERO,3255,Plan & Usage,"See your current plan, available capabilities, usage, limits, and options for more depth or scale.",,Planned placeholder,This part of the journey is ahead.. All original sections are replaced by one generic planned-module view after workspace access.,"Plan & Usage
See your current plan, available capabilities, usage, limits, and options for more depth or scale.",No,src/pages/workspace/PlannedModule.tsx
98,/os/settings/plan,SECTION 2,3258,Current Plan,See the commercial level currently attached to the workspace or organization.,,Planned placeholder,This part of the journey is ahead.. All original sections are replaced by one generic planned-module view after workspace access.,"Current Plan
See the commercial level currently attached to the workspace or organization.",No,src/pages/workspace/PlannedModule.tsx
98,/os/settings/plan,SECTION 3,3261,Available Capabilities,Review the product depth and controls included with the current plan.,,Planned placeholder,This part of the journey is ahead.. All original sections are replaced by one generic planned-module view after workspace access.,"Available Capabilities
Review the product depth and controls included with the current plan.",No,src/pages/workspace/PlannedModule.tsx
98,/os/settings/plan,SECTION 4,3264,Usage,Review the usage measures and limits applied to your current plan.,,Planned placeholder,This part of the journey is ahead.. All original sections are replaced by one generic planned-module view after workspace access.,"Usage
Review the usage measures and limits applied to your current plan.",No,src/pages/workspace/PlannedModule.tsx
98,/os/settings/plan,SECTION 5,3267,Limits,Understand the current plan limits before they affect work or access.,,Planned placeholder,This part of the journey is ahead.. All original sections are replaced by one generic planned-module view after workspace access.,"Limits
Understand the current plan limits before they affect work or access.",No,src/pages/workspace/PlannedModule.tsx
98,/os/settings/plan,SECTION 6,3270,Upgrade Options,"Compare additional depth, collaboration, administration, or scale available at higher levels.",,Planned placeholder,This part of the journey is ahead.. All original sections are replaced by one generic planned-module view after workspace access.,"Upgrade Options
Compare additional depth, collaboration, administration, or scale available at higher levels.",No,src/pages/workspace/PlannedModule.tsx
98,/os/settings/plan,SECTION 7,3273,Organization Requirements,"See when governance, integrations, support, or organizational controls require an enterprise conversation.",,Planned placeholder,This part of the journey is ahead.. All original sections are replaced by one generic planned-module view after workspace access.,"Organization Requirements
See when governance, integrations, support, or organizational controls require an enterprise conversation.",No,src/pages/workspace/PlannedModule.tsx
